n_variables,max_lag,window_multiplier,ridge_alpha,persistence_decay,deviation_scale,regression_window,detection_window,threshold,null_far,f1_mean,f1_sd,auprc_mean,auprc_sd,shd_mean,shd_sd
4,1,5.0,1.0,0.9,0.05,200,100,0.2776594161987305,0.0498958333333333,0.5958015883487582,0.06000568849599778,0.7833228133995347,0.060781838080212654,2.369811320754717,0.2820838576867179
4,1,2.5,1.0,0.9,0.1,200,100,0.2776594161987305,0.0498958333333333,0.5935928432154847,0.07077564424408764,0.7794891418444603,0.05982959344056404,2.384905660377359,0.3172836311371068
4,1,2.5,1.0,0.97,0.05,200,100,0.2776594161987305,0.0498958333333333,0.5899525317449845,0.06735894021822221,0.7726596018982197,0.060530927883200504,2.4075471698113207,0.2997941372082308
4,1,5.0,1.0,0.97,0.1,200,100,0.2776594161987305,0.0498958333333333,0.5885986026552064,0.0735741934326476,0.7691718885288259,0.05924999670385936,2.4254716981132076,0.31752418370871677
4,1,2.5,0.1,0.9,0.05,200,100,0.2804114222526551,0.0498958333333333,0.5979007104007104,0.06263936907699477,0.7604842009134102,0.06761938517202364,2.40188679245283,0.30002529356938906
4,1,5.0,0.1,0.9,0.1,200,100,0.2804114222526551,0.0498958333333333,0.5947523126768408,0.07025872005729722,0.7564598308174493,0.06740893665630161,2.4320754716981132,0.324148180420195
4,1,5.0,0.1,0.97,0.05,200,100,0.2804114222526551,0.0498958333333333,0.5937016180884105,0.06732777410015281,0.7471563662479921,0.06879532395398597,2.449056603773585,0.31145463703628606
4,1,2.5,0.1,0.97,0.1,200,100,0.2804114222526551,0.0498958333333333,0.5898765752067638,0.07014993378008472,0.7434103497287042,0.06805616745486909,2.473584905660377,0.3248410769615196
4,2,5.0,1.0,0.9,0.05,200,100,0.3314546048641205,0.0498958333333333,0.5636888411175435,0.08299200751683872,0.5959102681052316,0.06304557871924042,2.920754716981132,0.47494808892229007
4,2,2.5,1.0,0.9,0.1,200,100,0.3314546048641205,0.0498958333333333,0.5527422876709901,0.08598733995092604,0.5950637997300984,0.06115350980442646,2.978301886792453,0.4672190520675534
4,2,2.5,1.0,0.97,0.05,200,100,0.3314546048641205,0.0498958333333333,0.5569263321380534,0.07866691858302896,0.5804793982867457,0.05638526501587555,2.9943396226415095,0.44410241888621516
4,2,5.0,1.0,0.97,0.1,200,100,0.3314546048641205,0.0498958333333333,0.5459299333586357,0.0855914527661805,0.5794214338949588,0.05614832446356999,3.0537735849056604,0.4396149698219515
4,2,2.5,0.1,0.9,0.05,200,100,0.3351500630378723,0.0498958333333333,0.5573873031258068,0.0866161954423791,0.5051253622479169,0.0758727939664881,3.4,0.7362588933297564
4,2,5.0,0.1,0.9,0.1,200,100,0.3351500630378723,0.0498958333333333,0.5511167602514904,0.0867083181562223,0.5014264801950586,0.07543994004802795,3.4660377358490564,0.7266916766689889
4,2,5.0,0.1,0.97,0.05,200,100,0.3351500630378723,0.0498958333333333,0.549537093358356,0.08198395487791528,0.4823669914314186,0.06971991697230798,3.5556603773584903,0.7184815482230978
4,2,2.5,0.1,0.97,0.1,200,100,0.3351500630378723,0.0498958333333333,0.5418753098941747,0.08557721596157959,0.47982605594490185,0.06941098941040519,3.6198113207547173,0.7259222718576694
4,4,2.5,1.0,0.9,0.1,200,100,0.3953678905963898,0.0498958333333333,0.5670696852507852,0.0884926447612782,0.625214814507799,0.06077630642710886,2.790566037735849,0.3568351471669492
4,4,5.0,1.0,0.97,0.1,200,100,0.3953678905963898,0.0498958333333333,0.5597725903121809,0.09173664322058248,0.6216307503043625,0.06280128037156495,2.8245283018867924,0.36391649815246147
4,4,5.0,1.0,0.9,0.05,200,100,0.3953678905963898,0.0498958333333333,0.5812371006446156,0.08304624689690587,0.6216295724867199,0.05798354344601898,2.728301886792453,0.3478211583371984
4,4,2.5,1.0,0.97,0.05,200,100,0.3953678905963898,0.0498958333333333,0.5729441985781286,0.08382496716391857,0.6208096279277789,0.060017340621899076,2.769811320754717,0.3572916763684973
4,4,5.0,0.1,0.9,0.1,200,100,0.4010123610496521,0.0498958333333333,0.5752878469153468,0.08712485192908379,0.5936052707228261,0.06306927188292867,2.878301886792453,0.37995506854828354
4,4,2.5,0.1,0.9,0.05,200,100,0.4010123610496521,0.0498958333333333,0.5850804494909684,0.08064755888965164,0.5904876703887234,0.059702182852792884,2.8349056603773586,0.36369890286480644
4,4,2.5,0.1,0.97,0.1,200,100,0.4010123610496521,0.0498958333333333,0.5671598009571123,0.08923128479518797,0.5884026715330224,0.0639496376311457,2.9254716981132076,0.37298734470654166
4,4,5.0,0.1,0.97,0.05,200,100,0.4010123610496521,0.0498958333333333,0.5804264975728655,0.08131700835191291,0.5883432010537162,0.060551070034363656,2.8622641509433966,0.3745226111994787
10,1,5.0,1.0,0.9,0.05,200,100,0.4017177522182465,0.0498958333333333,0.6171485560036303,0.06062996424283191,0.5344305415955982,0.052311968888130715,7.70377358490566,0.9147610445566643
10,1,2.5,1.0,0.9,0.1,200,100,0.4017177522182465,0.0498958333333333,0.6203229494930194,0.05971310068917495,0.533573343026293,0.05078743969357455,7.750943396226416,0.9074502340012496
10,1,2.5,1.0,0.97,0.05,200,100,0.4017177522182465,0.0498958333333333,0.6130200028792554,0.0621269704251158,0.5200804991405688,0.04719698336168786,7.915094339622641,0.8959781185346236
10,1,5.0,1.0,0.97,0.1,200,100,0.4017177522182465,0.0498958333333333,0.6155314873559313,0.0629927387900835,0.5175780269764514,0.04530021048158528,7.971698113207547,0.9183262780859409
10,1,2.5,0.1,0.9,0.05,200,100,0.4062649309635163,0.0498958333333333,0.6180210519676486,0.06368033766445466,0.4593249915220575,0.07409358362366884,8.968867924528302,1.7178950937820752
10,1,5.0,0.1,0.9,0.1,200,100,0.4062649309635163,0.0498958333333333,0.6212361621888326,0.06528299012678694,0.4570613108566085,0.07295146667705071,9.022641509433964,1.7313918856689063
10,1,5.0,0.1,0.97,0.05,200,100,0.4062649309635163,0.0498958333333333,0.6108784112168812,0.06666490715293108,0.43883834872545247,0.06664047437285923,9.376415094339624,1.6818204928379976
10,1,2.5,0.1,0.97,0.1,200,100,0.4062649309635163,0.0498958333333333,0.6124704040063673,0.06871288188041433,0.4346985267607161,0.0645593066455723,9.489622641509433,1.6558740387857618
10,2,2.5,1.0,0.9,0.1,200,100,0.4668253064155579,0.0498958333333333,0.6037635469247766,0.05842961438520301,0.5660913829349453,0.04966526817312013,7.501886792452831,0.7778095701503752
10,2,5.0,1.0,0.9,0.05,200,100,0.4668253064155579,0.0498958333333333,0.6044357633682961,0.04883143309010555,0.5594650619897539,0.049111688910801456,7.524528301886792,0.7027170453373452
10,2,5.0,1.0,0.97,0.1,200,100,0.4668253064155579,0.0498958333333333,0.5974088854960157,0.0592191456894497,0.55935349948068,0.045402642306665436,7.6386792452830194,0.7443497229728435
10,2,2.5,1.0,0.97,0.05,200,100,0.4668253064155579,0.0498958333333333,0.6020739550515721,0.051025605897874554,0.5556932418038356,0.04502943442221388,7.579245283018868,0.6679828743752914
10,2,5.0,0.1,0.9,0.1,200,100,0.4737088680267334,0.0498958333333333,0.6090711734326553,0.05841309149481692,0.5364638036624261,0.05119492935317079,7.788679245283019,0.8502937031912465
10,2,2.5,0.1,0.9,0.05,200,100,0.4737088680267334,0.0498958333333333,0.6103258670700658,0.04887142830758785,0.5300438663286653,0.0508145155600461,7.789622641509434,0.8001535096576431
10,2,2.5,0.1,0.97,0.1,200,100,0.4737088680267334,0.0498958333333333,0.6041849645573082,0.05989140767821664,0.5284576914464162,0.04652442835089678,7.933962264150944,0.8257872853964812
10,2,5.0,0.1,0.97,0.05,200,100,0.4737088680267334,0.0498958333333333,0.606392227133538,0.05181434699457258,0.5247114703169508,0.04625318518033623,7.889622641509433,0.7621106308087104
10,4,5.0,1.0,0.97,0.1,200,100,0.5894896984100343,0.0498958333333333,0.5692401400239913,0.06277543933053506,0.7958190991718999,0.028023053337584824,5.970754716981132,0.6309509925277884
10,4,2.5,0.1,0.97,0.1,200,100,0.607590675354004,0.0498958333333333,0.5795726844024629,0.06291107466393739,0.7840181219586717,0.03115717532400225,5.9518867924528305,0.6460054783638516
10,4,2.5,1.0,0.9,0.1,200,100,0.5894896984100343,0.0498958333333333,0.571196794958843,0.06089592245124093,0.7725152146067897,0.030425917785522005,6.039622641509434,0.6181536071809236
10,4,5.0,0.1,0.9,0.1,200,100,0.607590675354004,0.0498958333333333,0.5790144803260633,0.059388975544752885,0.7620140288049544,0.033162138878722755,6.056603773584905,0.6148134193797468
10,4,2.5,1.0,0.97,0.05,200,100,0.5894896984100343,0.0498958333333333,0.5701733518756944,0.056133630984132765,0.7446008158830024,0.033840200880633525,6.126415094339623,0.573309791336656
10,4,5.0,0.1,0.97,0.05,200,100,0.607590675354004,0.0498958333333333,0.5790442022792271,0.05671352524074344,0.7346727312451833,0.036773500072054606,6.138679245283019,0.5941157504628246
10,4,5.0,1.0,0.9,0.05,200,100,0.5894896984100343,0.0498958333333333,0.5689452663117496,0.05314576712886116,0.7133407704538667,0.04001802402365716,6.316037735849056,0.5827674985083194
10,4,2.5,0.1,0.9,0.05,200,100,0.607590675354004,0.0498958333333333,0.5775273367760567,0.05083506675432318,0.7049161362482599,0.04264789203672898,6.329245283018868,0.583686303076484
20,1,2.5,1.0,0.9,0.1,200,100,0.4913343191146851,0.0498958333333333,0.6458481286721833,0.03293838540167811,0.5427659966413845,0.04284875238734433,15.154716981132074,1.27400007944742
20,1,5.0,1.0,0.9,0.05,200,100,0.4913343191146851,0.0498958333333333,0.642851270327686,0.033059027917670056,0.5369903805609668,0.04714682940438781,15.2,1.3720825071403255
20,1,5.0,1.0,0.97,0.1,200,100,0.4913343191146851,0.0498958333333333,0.6424189990297517,0.03301330818612937,0.536286073643798,0.03601564876281442,15.39811320754717,1.093053039543828
20,1,2.5,1.0,0.97,0.05,200,100,0.4913343191146851,0.0498958333333333,0.6422109577823236,0.03115583158651971,0.5342157941323876,0.0406396110809533,15.316037735849056,1.1863815847912436
20,1,5.0,0.1,0.9,0.1,200,100,0.4984697103500367,0.0498958333333333,0.650943901064204,0.03245683456043197,0.5085937311450348,0.047454983134932543,15.978301886792451,1.5159402353570848
20,1,2.5,0.1,0.9,0.05,200,100,0.4984697103500367,0.0498958333333333,0.6489071004188874,0.03229994677892548,0.5038523352259066,0.05117111119148508,15.968867924528302,1.6180192704765612
20,1,2.5,0.1,0.97,0.1,200,100,0.4984697103500367,0.0498958333333333,0.6473333760636855,0.03182483431779176,0.5006412990648881,0.04086830266646084,16.28301886792453,1.3026277700787796
20,1,5.0,0.1,0.97,0.05,200,100,0.4984697103500367,0.0498958333333333,0.6477375697078298,0.031125436929635125,0.4991508354992754,0.044793178282406074,16.181132075471698,1.4038467269068027
20,2,5.0,1.0,0.97,0.1,200,100,0.6104977130889894,0.0498958333333333,0.6203652184712651,0.043503091110487085,0.7875765913528919,0.028410169908808673,11.518867924528303,1.0128458612633564
20,2,2.5,1.0,0.9,0.1,200,100,0.6104977130889894,0.0498958333333333,0.6255631175880897,0.044749678950391204,0.7744017865576409,0.030017602350538516,11.50188679245283,1.0470450018216455
20,2,2.5,0.1,0.97,0.1,200,100,0.6280102729797364,0.0498958333333333,0.6299299902411402,0.0437573492281932,0.768921320518255,0.031184703653760578,11.579245283018867,1.0633932099109855
20,2,5.0,0.1,0.9,0.1,200,100,0.6280102729797364,0.0498958333333333,0.6341230635932449,0.04455969338400007,0.7567742188033151,0.03218114151773978,11.580188679245284,1.091646087614342
20,2,2.5,1.0,0.97,0.05,200,100,0.6104977130889894,0.0498958333333333,0.6252727275423825,0.04350699587221931,0.7524829166842738,0.03371148363851451,11.60188679245283,1.0370386752636664
20,2,5.0,0.1,0.97,0.05,200,100,0.6280102729797364,0.0498958333333333,0.6319919202482736,0.042753002194574626,0.7359188573569238,0.03425858409520775,11.741509433962264,1.0778315196243842
20,2,5.0,1.0,0.9,0.05,200,100,0.6104977130889894,0.0498958333333333,0.6250051144314066,0.043122641309714785,0.7285839702876572,0.03761775829003282,11.847169811320756,1.06451675908563
20,2,2.5,0.1,0.9,0.05,200,100,0.6280102729797364,0.0498958333333333,0.6306634704034603,0.04271885554983616,0.7136197943035802,0.03754369235833579,12.023584905660377,1.1190055696869206
20,4,5.0,1.0,0.97,0.1,400,200,0.4632641673088074,0.049891304347826,0.5935915334933952,0.05953593277738297,0.8660079465351478,0.01360660433352252,10.922641509433962,1.3225537470865454
20,4,5.0,0.1,0.9,0.1,400,200,0.4698106348514557,0.049891304347826,0.601467966192107,0.05946078478300078,0.8553564561025354,0.0161525971371039,10.81132075471698,1.3325477190637842
20,4,5.0,0.1,0.97,0.05,400,200,0.4698106348514557,0.049891304347826,0.6115992007778656,0.05771794272262022,0.8373348010194442,0.020706394012361202,10.654716981132076,1.3205291338067027
20,4,5.0,1.0,0.9,0.05,400,200,0.4632641673088074,0.049891304347826,0.6078391502773755,0.05855723187226158,0.8233133636340868,0.024684016356191264,10.745283018867925,1.312165288547128
20,4,2.5,0.1,0.97,0.1,200,100,1.3661605119705202,0.0498958333333333,0.5958637324471223,0.04381787944856708,0.7718938387791876,0.030552479802820477,11.152830188679244,0.9671081612980637
20,4,2.5,1.0,0.9,0.1,200,100,1.0150883197784426,0.0498958333333333,0.5761791778019626,0.04181202788603062,0.7085048177234283,0.04232183517933157,12.043396226415094,1.0053369790278086
20,4,2.5,1.0,0.97,0.05,200,100,1.0150883197784426,0.0498958333333333,0.555659430965586,0.036498975991838024,0.638848633087161,0.046998937711913207,13.272641509433962,1.0631883600982281
20,4,2.5,0.1,0.9,0.05,200,100,1.3661605119705202,0.0498958333333333,0.5518622323866785,0.040639132468024156,0.5909196675071098,0.05723965604444642,14.766981132075472,1.6538564171382872
50,1,5.0,1.0,0.97,0.1,250,125,0.5916008949279786,0.04989473684210526,0.6348188751270057,0.01681727093949148,0.8295349798759762,0.011371868826311594,27.079245283018867,0.8822402121145861
50,1,5.0,0.1,0.9,0.1,250,125,0.6042813062667848,0.04989473684210526,0.643744184920426,0.016140736765461672,0.8024667296759951,0.014864566743284848,27.31132075471698,0.8435438378452854
50,1,2.5,0.1,0.97,0.1,200,100,0.7481238842010499,0.049895833333333334,0.6402668418131081,0.01744749041802492,0.8023644245267862,0.011574331556004111,27.36320754716981,0.84823260405223
50,1,2.5,0.1,0.97,0.1,200,100,0.7481238842010499,0.0498958333333333,0.6368926299913644,0.018841852934147016,0.8008531730636879,0.01473915682381956,27.485849056603772,1.0809234095565803
50,1,2.5,1.0,0.9,0.1,200,100,0.7181725502014161,0.049895833333333334,0.6290026900478206,0.018755155716447966,0.7918084307538541,0.015546500628931339,27.78301886792453,1.0252384604605675
50,1,5.0,0.1,0.97,0.05,250,125,0.6042813062667848,0.04989473684210526,0.6436764999457159,0.01703155680508708,0.7838641553762552,0.019193799414688243,27.45849056603774,0.9622174181069765
50,1,5.0,1.0,0.9,0.05,250,125,0.5916008949279786,0.04989473684210526,0.6386631504512146,0.01807010837817531,0.7740389521020715,0.024170078429190358,27.62641509433962,1.033558442151956
50,1,2.5,1.0,0.97,0.05,200,100,0.7181725502014161,0.049895833333333334,0.6234461056406807,0.0171127188708356,0.7564775285837673,0.023184422150520977,28.514150943396224,1.1638035659593835
50,1,2.5,0.1,0.9,0.05,200,100,0.7481238842010499,0.0498958333333333,0.6240703288039753,0.017900750035877298,0.708709777314807,0.029057776938461392,30.216037735849056,1.5711021710299524
50,2,5.0,1.0,0.97,0.1,500,250,0.44392031431198126,0.04988888888888889,0.6023473984113499,0.023004463199997677,0.8668467603741112,0.012223070680349264,27.004716981132077,1.2630592300939516
50,2,5.0,0.1,0.9,0.1,500,250,0.4486431479454041,0.04988888888888889,0.6080261136596878,0.022999481435345914,0.8569709771606135,0.013878891281156982,26.835849056603774,1.2997060157080214
50,2,5.0,0.1,0.97,0.05,500,250,0.4486431479454041,0.04988888888888889,0.6150464022905966,0.023617671604392917,0.842292183944483,0.0175364985862721,26.53490566037736,1.3408777006826413
50,2,5.0,1.0,0.9,0.05,500,250,0.44392031431198126,0.04988888888888889,0.6122009404163377,0.023577529949365808,0.837221019120993,0.02003737754426395,26.62830188679245,1.291694774029971
50,2,2.5,0.1,0.97,0.1,250,125,1.2149633169174197,0.04989473684210526,0.6058496056608933,0.01979327059450929,0.7843791982854549,0.01843827875868268,27.46320754716981,1.075384149470582
50,2,2.5,1.0,0.9,0.1,250,125,0.9849179983139039,0.04989473684210526,0.5913491799201709,0.02271066447353363,0.7340668190423032,0.03159432254463958,29.15660377358491,1.374452458003272
50,2,2.5,1.0,0.97,0.05,250,125,0.9849179983139039,0.04989473684210526,0.5813445642290697,0.02656648703118166,0.6803967672776741,0.04240474730257443,30.893396226415092,2.172338021967302
50,2,2.5,0.1,0.9,0.05,250,125,1.2149633169174197,0.04989473684210526,0.5660561742685639,0.023558007112051076,0.6184238149459651,0.04235748546259427,34.56792452830189,2.9842472379267946
50,4,5.0,1.0,0.97,0.1,1000,500,0.33141094446182257,0.049875,0.5735377505495756,0.03056025721458934,0.8310198715961814,0.01574798814296195,28.427358490566036,1.7056137451772417
50,4,5.0,1.0,0.9,0.05,1000,500,0.33141094446182257,0.049875,0.5766449029877537,0.029244213105976476,0.829181209149089,0.01592704001496527,28.26132075471698,1.64651014931788
50,4,5.0,0.1,0.9,0.1,1000,500,0.3333259224891663,0.049875,0.5784584081829064,0.030856634493953514,0.8158955209008119,0.017584137772043842,28.42641509433962,1.7438333709544551
50,4,5.0,0.1,0.97,0.05,1000,500,0.3333259224891663,0.049875,0.5819776933533262,0.029120694599098162,0.8151735545868432,0.01739637465823385,28.239622641509435,1.6681691777779866
50,4,2.5,0.1,0.97,0.1,500,250,0.8707878589630128,0.04988888888888889,0.5817330732787129,0.028482636318700023,0.7779828047589535,0.02058949547393271,28.4,1.62371041673564
50,4,2.5,1.0,0.9,0.1,500,250,0.7815135121345521,0.04988888888888889,0.5762331293773107,0.0270205665968396,0.7755947014286295,0.021584793143318345,28.606603773584908,1.5224153187256755
50,4,2.5,1.0,0.97,0.05,500,250,0.7815135121345521,0.04988888888888889,0.5828556803670831,0.02696452643782617,0.7383864328721796,0.029183596633044748,28.64056603773585,1.6477182286881402
50,4,2.5,0.1,0.9,0.05,500,250,0.8707878589630128,0.04988888888888889,0.5779575698162761,0.03125364986399771,0.6937070886088642,0.039483829760619996,29.80188679245283,2.1432946463194718
