Parameter,Value,F1,SHD,Adaptation delay,Stable preservation,Detection rate,False-alarm rate
detection_window,50.0,0.537 $\pm$ 0.042,3.604 $\pm$ 0.310,442.833 $\pm$ 50.856,0.518 $\pm$ 0.079,1.000 $\pm$ 0.000,0.097 $\pm$ 0.000
detection_window,100.0,0.531 $\pm$ 0.043,3.854 $\pm$ 0.325,442.833 $\pm$ 50.856,0.518 $\pm$ 0.079,1.000 $\pm$ 0.000,0.094 $\pm$ 0.000
detection_window,200.0,0.523 $\pm$ 0.041,4.363 $\pm$ 0.349,442.833 $\pm$ 50.856,0.518 $\pm$ 0.079,1.000 $\pm$ 0.000,0.089 $\pm$ 0.000
deviation_scale,0.025,0.506 $\pm$ 0.039,4.261 $\pm$ 0.318,459.000 $\pm$ 49.972,0.521 $\pm$ 0.071,1.000 $\pm$ 0.000,0.094 $\pm$ 0.000
deviation_scale,0.05,0.531 $\pm$ 0.043,3.854 $\pm$ 0.325,442.833 $\pm$ 50.856,0.518 $\pm$ 0.079,1.000 $\pm$ 0.000,0.094 $\pm$ 0.000
deviation_scale,0.1,0.575 $\pm$ 0.053,3.225 $\pm$ 0.327,440.167 $\pm$ 74.020,0.519 $\pm$ 0.098,1.000 $\pm$ 0.000,0.094 $\pm$ 0.000
persistence_decay,0.7,0.517 $\pm$ 0.037,4.077 $\pm$ 0.303,445.833 $\pm$ 49.000,0.523 $\pm$ 0.080,1.000 $\pm$ 0.000,0.094 $\pm$ 0.000
persistence_decay,0.9,0.531 $\pm$ 0.043,3.854 $\pm$ 0.325,442.833 $\pm$ 50.856,0.518 $\pm$ 0.079,1.000 $\pm$ 0.000,0.094 $\pm$ 0.000
persistence_decay,0.97,0.540 $\pm$ 0.040,3.762 $\pm$ 0.322,435.833 $\pm$ 62.125,0.517 $\pm$ 0.080,1.000 $\pm$ 0.000,0.094 $\pm$ 0.000
regression_window,50.0,0.408 $\pm$ 0.031,6.051 $\pm$ 0.356,473.167 $\pm$ 46.055,0.510 $\pm$ 0.050,1.000 $\pm$ 0.000,0.094 $\pm$ 0.000
regression_window,100.0,0.531 $\pm$ 0.043,3.854 $\pm$ 0.325,442.833 $\pm$ 50.856,0.518 $\pm$ 0.079,1.000 $\pm$ 0.000,0.094 $\pm$ 0.000
regression_window,200.0,0.609 $\pm$ 0.052,2.824 $\pm$ 0.285,452.167 $\pm$ 64.990,0.529 $\pm$ 0.108,1.000 $\pm$ 0.000,0.094 $\pm$ 0.000
threshold,0.2,0.531 $\pm$ 0.042,3.858 $\pm$ 0.330,446.667 $\pm$ 52.181,0.518 $\pm$ 0.079,1.000 $\pm$ 0.000,0.089 $\pm$ 0.001
threshold,0.25,0.547 $\pm$ 0.046,3.734 $\pm$ 0.399,449.500 $\pm$ 53.150,0.528 $\pm$ 0.078,1.000 $\pm$ 0.000,0.057 $\pm$ 0.004
threshold,0.3,0.567 $\pm$ 0.060,3.608 $\pm$ 0.587,463.333 $\pm$ 49.971,0.535 $\pm$ 0.107,1.000 $\pm$ 0.000,0.017 $\pm$ 0.003
