Method,d,L,Noise,Distribution,Precision,Recall,F1,SHD,Detection rate,Adaptation delay,Stable preservation,False-alarm rate
Rolling OLS,4,1,0.05,gaussian,0.934 $\pm$ 0.013,0.891 $\pm$ 0.021,0.906 $\pm$ 0.014,0.640 $\pm$ 0.101,N/A,173.667 $\pm$ 37.866,0.939 $\pm$ 0.029,N/A
Rolling OLS,4,1,0.05,student_t,0.928 $\pm$ 0.017,0.896 $\pm$ 0.020,0.906 $\pm$ 0.013,0.651 $\pm$ 0.098,N/A,171.500 $\pm$ 41.217,0.944 $\pm$ 0.045,N/A
Rolling OLS,4,1,0.05,uniform,0.927 $\pm$ 0.015,0.890 $\pm$ 0.022,0.901 $\pm$ 0.016,0.681 $\pm$ 0.115,N/A,175.333 $\pm$ 42.197,0.938 $\pm$ 0.042,N/A
Rolling OLS,4,1,0.1,gaussian,0.873 $\pm$ 0.039,0.526 $\pm$ 0.049,0.631 $\pm$ 0.045,2.090 $\pm$ 0.211,N/A,401.833 $\pm$ 70.058,0.575 $\pm$ 0.096,N/A
Rolling OLS,4,1,0.1,student_t,0.880 $\pm$ 0.029,0.543 $\pm$ 0.050,0.647 $\pm$ 0.043,2.042 $\pm$ 0.202,N/A,385.833 $\pm$ 93.207,0.569 $\pm$ 0.102,N/A
Rolling OLS,4,1,0.1,uniform,0.862 $\pm$ 0.041,0.516 $\pm$ 0.049,0.618 $\pm$ 0.046,2.142 $\pm$ 0.212,N/A,408.500 $\pm$ 64.268,0.529 $\pm$ 0.098,N/A
Rolling OLS,4,1,0.25,gaussian,0.165 $\pm$ 0.062,0.049 $\pm$ 0.021,0.074 $\pm$ 0.030,3.975 $\pm$ 0.072,N/A,500.000 $\pm$ 0.000,0.067 $\pm$ 0.038,N/A
Rolling OLS,4,1,0.25,student_t,0.177 $\pm$ 0.063,0.053 $\pm$ 0.020,0.080 $\pm$ 0.029,3.980 $\pm$ 0.104,N/A,500.000 $\pm$ 0.000,0.038 $\pm$ 0.031,N/A
Rolling OLS,4,1,0.25,uniform,0.165 $\pm$ 0.068,0.050 $\pm$ 0.021,0.075 $\pm$ 0.031,3.978 $\pm$ 0.113,N/A,500.000 $\pm$ 0.000,0.036 $\pm$ 0.033,N/A
Rolling OLS,4,1,0.5,gaussian,0.077 $\pm$ 0.046,0.023 $\pm$ 0.013,0.035 $\pm$ 0.020,4.066 $\pm$ 0.074,N/A,500.000 $\pm$ 0.000,0.026 $\pm$ 0.019,N/A
Rolling OLS,4,1,0.5,student_t,0.068 $\pm$ 0.039,0.022 $\pm$ 0.011,0.032 $\pm$ 0.017,4.116 $\pm$ 0.092,N/A,500.000 $\pm$ 0.000,0.013 $\pm$ 0.015,N/A
Rolling OLS,4,1,0.5,uniform,0.087 $\pm$ 0.054,0.027 $\pm$ 0.016,0.040 $\pm$ 0.024,4.069 $\pm$ 0.102,N/A,500.000 $\pm$ 0.000,0.014 $\pm$ 0.010,N/A
Rolling OLS,4,2,0.05,gaussian,0.881 $\pm$ 0.021,0.886 $\pm$ 0.019,0.875 $\pm$ 0.015,0.946 $\pm$ 0.130,N/A,180.333 $\pm$ 49.428,0.934 $\pm$ 0.038,N/A
Rolling OLS,4,2,0.05,student_t,0.882 $\pm$ 0.023,0.895 $\pm$ 0.016,0.878 $\pm$ 0.012,0.925 $\pm$ 0.112,N/A,186.833 $\pm$ 41.372,0.935 $\pm$ 0.042,N/A
Rolling OLS,4,2,0.05,uniform,0.874 $\pm$ 0.015,0.890 $\pm$ 0.020,0.874 $\pm$ 0.015,0.964 $\pm$ 0.118,N/A,184.500 $\pm$ 49.480,0.936 $\pm$ 0.042,N/A
Rolling OLS,4,2,0.1,gaussian,0.806 $\pm$ 0.037,0.537 $\pm$ 0.042,0.617 $\pm$ 0.034,2.352 $\pm$ 0.154,N/A,386.500 $\pm$ 81.939,0.582 $\pm$ 0.097,N/A
Rolling OLS,4,2,0.1,student_t,0.824 $\pm$ 0.037,0.542 $\pm$ 0.031,0.626 $\pm$ 0.028,2.289 $\pm$ 0.163,N/A,392.167 $\pm$ 98.582,0.562 $\pm$ 0.103,N/A
Rolling OLS,4,2,0.1,uniform,0.789 $\pm$ 0.043,0.510 $\pm$ 0.050,0.591 $\pm$ 0.044,2.459 $\pm$ 0.211,N/A,391.000 $\pm$ 84.840,0.549 $\pm$ 0.102,N/A
Rolling OLS,4,2,0.25,gaussian,0.166 $\pm$ 0.050,0.055 $\pm$ 0.016,0.079 $\pm$ 0.023,4.220 $\pm$ 0.149,N/A,500.000 $\pm$ 0.000,0.061 $\pm$ 0.033,N/A
Rolling OLS,4,2,0.25,student_t,0.158 $\pm$ 0.057,0.053 $\pm$ 0.022,0.076 $\pm$ 0.030,4.253 $\pm$ 0.145,N/A,500.000 $\pm$ 0.000,0.038 $\pm$ 0.029,N/A
Rolling OLS,4,2,0.25,uniform,0.144 $\pm$ 0.064,0.052 $\pm$ 0.022,0.072 $\pm$ 0.031,4.266 $\pm$ 0.153,N/A,500.000 $\pm$ 0.000,0.041 $\pm$ 0.048,N/A
Rolling OLS,4,2,0.5,gaussian,0.065 $\pm$ 0.028,0.023 $\pm$ 0.010,0.032 $\pm$ 0.014,4.324 $\pm$ 0.134,N/A,500.000 $\pm$ 0.000,0.023 $\pm$ 0.021,N/A
Rolling OLS,4,2,0.5,student_t,0.058 $\pm$ 0.033,0.021 $\pm$ 0.010,0.029 $\pm$ 0.015,4.406 $\pm$ 0.110,N/A,500.000 $\pm$ 0.000,0.014 $\pm$ 0.016,N/A
Rolling OLS,4,2,0.5,uniform,0.075 $\pm$ 0.045,0.026 $\pm$ 0.013,0.037 $\pm$ 0.019,4.372 $\pm$ 0.133,N/A,500.000 $\pm$ 0.000,0.016 $\pm$ 0.020,N/A
Rolling OLS,4,4,0.05,gaussian,0.780 $\pm$ 0.030,0.896 $\pm$ 0.021,0.822 $\pm$ 0.023,1.575 $\pm$ 0.236,N/A,202.167 $\pm$ 48.766,0.945 $\pm$ 0.030,N/A
Rolling OLS,4,4,0.05,student_t,0.780 $\pm$ 0.026,0.893 $\pm$ 0.024,0.820 $\pm$ 0.020,1.593 $\pm$ 0.187,N/A,193.333 $\pm$ 45.151,0.943 $\pm$ 0.031,N/A
Rolling OLS,4,4,0.05,uniform,0.783 $\pm$ 0.029,0.894 $\pm$ 0.019,0.822 $\pm$ 0.020,1.579 $\pm$ 0.195,N/A,215.167 $\pm$ 66.680,0.942 $\pm$ 0.042,N/A
Rolling OLS,4,4,0.1,gaussian,0.690 $\pm$ 0.055,0.545 $\pm$ 0.039,0.579 $\pm$ 0.037,2.935 $\pm$ 0.238,N/A,421.500 $\pm$ 65.574,0.592 $\pm$ 0.098,N/A
Rolling OLS,4,4,0.1,student_t,0.699 $\pm$ 0.045,0.561 $\pm$ 0.034,0.593 $\pm$ 0.031,2.852 $\pm$ 0.204,N/A,385.833 $\pm$ 64.135,0.609 $\pm$ 0.062,N/A
Rolling OLS,4,4,0.1,uniform,0.670 $\pm$ 0.042,0.534 $\pm$ 0.054,0.566 $\pm$ 0.044,3.020 $\pm$ 0.262,N/A,413.333 $\pm$ 82.611,0.556 $\pm$ 0.128,N/A
Rolling OLS,4,4,0.25,gaussian,0.149 $\pm$ 0.057,0.066 $\pm$ 0.022,0.086 $\pm$ 0.030,4.862 $\pm$ 0.268,N/A,500.000 $\pm$ 0.000,0.071 $\pm$ 0.032,N/A
Rolling OLS,4,4,0.25,student_t,0.146 $\pm$ 0.049,0.066 $\pm$ 0.019,0.085 $\pm$ 0.024,4.815 $\pm$ 0.151,N/A,500.000 $\pm$ 0.000,0.066 $\pm$ 0.045,N/A
Rolling OLS,4,4,0.25,uniform,0.132 $\pm$ 0.061,0.058 $\pm$ 0.023,0.075 $\pm$ 0.032,4.867 $\pm$ 0.208,N/A,500.000 $\pm$ 0.000,0.057 $\pm$ 0.042,N/A
Rolling OLS,4,4,0.5,gaussian,0.065 $\pm$ 0.033,0.029 $\pm$ 0.013,0.037 $\pm$ 0.017,4.990 $\pm$ 0.228,N/A,500.000 $\pm$ 0.000,0.029 $\pm$ 0.018,N/A
Rolling OLS,4,4,0.5,student_t,0.064 $\pm$ 0.038,0.029 $\pm$ 0.012,0.036 $\pm$ 0.018,5.011 $\pm$ 0.168,N/A,500.000 $\pm$ 0.000,0.022 $\pm$ 0.024,N/A
Rolling OLS,4,4,0.5,uniform,0.065 $\pm$ 0.034,0.031 $\pm$ 0.014,0.038 $\pm$ 0.018,4.994 $\pm$ 0.231,N/A,500.000 $\pm$ 0.000,0.023 $\pm$ 0.021,N/A
Rolling OLS,10,1,0.05,gaussian,0.842 $\pm$ 0.018,0.909 $\pm$ 0.015,0.870 $\pm$ 0.014,2.600 $\pm$ 0.299,N/A,329.167 $\pm$ 78.247,0.935 $\pm$ 0.020,N/A
Rolling OLS,10,1,0.05,student_t,0.848 $\pm$ 0.013,0.910 $\pm$ 0.014,0.873 $\pm$ 0.012,2.541 $\pm$ 0.226,N/A,300.167 $\pm$ 64.758,0.938 $\pm$ 0.026,N/A
Rolling OLS,10,1,0.05,uniform,0.844 $\pm$ 0.015,0.906 $\pm$ 0.017,0.869 $\pm$ 0.013,2.599 $\pm$ 0.288,N/A,314.500 $\pm$ 84.086,0.937 $\pm$ 0.028,N/A
Rolling OLS,10,1,0.1,gaussian,0.759 $\pm$ 0.022,0.521 $\pm$ 0.025,0.603 $\pm$ 0.023,6.529 $\pm$ 0.314,N/A,494.833 $\pm$ 23.106,0.549 $\pm$ 0.051,N/A
Rolling OLS,10,1,0.1,student_t,0.770 $\pm$ 0.023,0.541 $\pm$ 0.028,0.621 $\pm$ 0.023,6.327 $\pm$ 0.304,N/A,491.500 $\pm$ 26.830,0.552 $\pm$ 0.051,N/A
Rolling OLS,10,1,0.1,uniform,0.754 $\pm$ 0.026,0.513 $\pm$ 0.032,0.597 $\pm$ 0.027,6.650 $\pm$ 0.370,N/A,496.500 $\pm$ 15.652,0.529 $\pm$ 0.053,N/A
Rolling OLS,10,1,0.25,gaussian,0.196 $\pm$ 0.051,0.051 $\pm$ 0.010,0.075 $\pm$ 0.016,11.305 $\pm$ 0.219,N/A,500.000 $\pm$ 0.000,0.051 $\pm$ 0.020,N/A
Rolling OLS,10,1,0.25,student_t,0.209 $\pm$ 0.050,0.052 $\pm$ 0.011,0.078 $\pm$ 0.016,11.317 $\pm$ 0.231,N/A,500.000 $\pm$ 0.000,0.049 $\pm$ 0.015,N/A
Rolling OLS,10,1,0.25,uniform,0.199 $\pm$ 0.054,0.050 $\pm$ 0.014,0.076 $\pm$ 0.020,11.290 $\pm$ 0.263,N/A,500.000 $\pm$ 0.000,0.048 $\pm$ 0.023,N/A
Rolling OLS,10,1,0.5,gaussian,0.088 $\pm$ 0.034,0.022 $\pm$ 0.007,0.033 $\pm$ 0.011,11.565 $\pm$ 0.233,N/A,500.000 $\pm$ 0.000,0.019 $\pm$ 0.009,N/A
Rolling OLS,10,1,0.5,student_t,0.091 $\pm$ 0.036,0.023 $\pm$ 0.007,0.034 $\pm$ 0.012,11.672 $\pm$ 0.217,N/A,500.000 $\pm$ 0.000,0.022 $\pm$ 0.010,N/A
Rolling OLS,10,1,0.5,uniform,0.102 $\pm$ 0.042,0.024 $\pm$ 0.008,0.036 $\pm$ 0.013,11.534 $\pm$ 0.256,N/A,500.000 $\pm$ 0.000,0.024 $\pm$ 0.017,N/A
Rolling OLS,10,2,0.05,gaussian,0.692 $\pm$ 0.019,0.904 $\pm$ 0.014,0.777 $\pm$ 0.015,5.365 $\pm$ 0.413,N/A,451.667 $\pm$ 51.065,0.931 $\pm$ 0.022,N/A
Rolling OLS,10,2,0.05,student_t,0.697 $\pm$ 0.028,0.903 $\pm$ 0.012,0.779 $\pm$ 0.019,5.312 $\pm$ 0.554,N/A,441.667 $\pm$ 83.628,0.934 $\pm$ 0.020,N/A
Rolling OLS,10,2,0.05,uniform,0.690 $\pm$ 0.019,0.906 $\pm$ 0.015,0.776 $\pm$ 0.015,5.394 $\pm$ 0.436,N/A,436.667 $\pm$ 77.316,0.934 $\pm$ 0.023,N/A
Rolling OLS,10,2,0.1,gaussian,0.570 $\pm$ 0.025,0.525 $\pm$ 0.026,0.533 $\pm$ 0.020,9.162 $\pm$ 0.398,N/A,500.000 $\pm$ 0.000,0.534 $\pm$ 0.042,N/A
Rolling OLS,10,2,0.1,student_t,0.573 $\pm$ 0.024,0.532 $\pm$ 0.027,0.538 $\pm$ 0.021,9.124 $\pm$ 0.392,N/A,500.000 $\pm$ 0.000,0.549 $\pm$ 0.048,N/A
Rolling OLS,10,2,0.1,uniform,0.563 $\pm$ 0.027,0.514 $\pm$ 0.027,0.525 $\pm$ 0.025,9.291 $\pm$ 0.503,N/A,500.000 $\pm$ 0.000,0.526 $\pm$ 0.055,N/A
Rolling OLS,10,2,0.25,gaussian,0.115 $\pm$ 0.025,0.057 $\pm$ 0.011,0.071 $\pm$ 0.014,13.858 $\pm$ 0.344,N/A,500.000 $\pm$ 0.000,0.051 $\pm$ 0.016,N/A
Rolling OLS,10,2,0.25,student_t,0.118 $\pm$ 0.024,0.058 $\pm$ 0.012,0.072 $\pm$ 0.015,13.875 $\pm$ 0.246,N/A,500.000 $\pm$ 0.000,0.055 $\pm$ 0.017,N/A
Rolling OLS,10,2,0.25,uniform,0.111 $\pm$ 0.024,0.053 $\pm$ 0.011,0.066 $\pm$ 0.014,13.871 $\pm$ 0.403,N/A,500.000 $\pm$ 0.000,0.046 $\pm$ 0.015,N/A
Rolling OLS,10,2,0.5,gaussian,0.056 $\pm$ 0.025,0.028 $\pm$ 0.010,0.034 $\pm$ 0.014,14.242 $\pm$ 0.374,N/A,500.000 $\pm$ 0.000,0.024 $\pm$ 0.011,N/A
Rolling OLS,10,2,0.5,student_t,0.056 $\pm$ 0.018,0.028 $\pm$ 0.009,0.035 $\pm$ 0.010,14.296 $\pm$ 0.290,N/A,500.000 $\pm$ 0.000,0.027 $\pm$ 0.011,N/A
Rolling OLS,10,2,0.5,uniform,0.060 $\pm$ 0.022,0.029 $\pm$ 0.009,0.035 $\pm$ 0.012,14.164 $\pm$ 0.346,N/A,500.000 $\pm$ 0.000,0.021 $\pm$ 0.013,N/A
Rolling OLS,10,4,0.05,gaussian,0.447 $\pm$ 0.009,0.886 $\pm$ 0.016,0.587 $\pm$ 0.009,13.666 $\pm$ 0.420,N/A,500.000 $\pm$ 0.000,0.917 $\pm$ 0.023,N/A
Rolling OLS,10,4,0.05,student_t,0.449 $\pm$ 0.016,0.886 $\pm$ 0.015,0.590 $\pm$ 0.016,13.435 $\pm$ 0.628,N/A,500.000 $\pm$ 0.000,0.916 $\pm$ 0.027,N/A
Rolling OLS,10,4,0.05,uniform,0.447 $\pm$ 0.014,0.885 $\pm$ 0.025,0.588 $\pm$ 0.015,13.552 $\pm$ 0.681,N/A,500.000 $\pm$ 0.000,0.922 $\pm$ 0.021,N/A
Rolling OLS,10,4,0.1,gaussian,0.318 $\pm$ 0.020,0.514 $\pm$ 0.038,0.386 $\pm$ 0.025,17.336 $\pm$ 0.626,N/A,500.000 $\pm$ 0.000,0.535 $\pm$ 0.046,N/A
Rolling OLS,10,4,0.1,student_t,0.327 $\pm$ 0.021,0.527 $\pm$ 0.030,0.396 $\pm$ 0.023,17.044 $\pm$ 0.724,N/A,500.000 $\pm$ 0.000,0.544 $\pm$ 0.055,N/A
Rolling OLS,10,4,0.1,uniform,0.318 $\pm$ 0.021,0.513 $\pm$ 0.039,0.385 $\pm$ 0.026,17.308 $\pm$ 0.794,N/A,500.000 $\pm$ 0.000,0.532 $\pm$ 0.055,N/A
Rolling OLS,10,4,0.25,gaussian,0.054 $\pm$ 0.011,0.069 $\pm$ 0.013,0.057 $\pm$ 0.011,21.747 $\pm$ 0.401,N/A,500.000 $\pm$ 0.000,0.068 $\pm$ 0.027,N/A
Rolling OLS,10,4,0.25,student_t,0.058 $\pm$ 0.010,0.073 $\pm$ 0.013,0.062 $\pm$ 0.010,21.651 $\pm$ 0.536,N/A,500.000 $\pm$ 0.000,0.071 $\pm$ 0.022,N/A
Rolling OLS,10,4,0.25,uniform,0.054 $\pm$ 0.013,0.065 $\pm$ 0.016,0.056 $\pm$ 0.013,21.715 $\pm$ 0.630,N/A,500.000 $\pm$ 0.000,0.060 $\pm$ 0.021,N/A
Rolling OLS,10,4,0.5,gaussian,0.028 $\pm$ 0.007,0.038 $\pm$ 0.008,0.030 $\pm$ 0.007,22.162 $\pm$ 0.404,N/A,500.000 $\pm$ 0.000,0.031 $\pm$ 0.013,N/A
Rolling OLS,10,4,0.5,student_t,0.031 $\pm$ 0.008,0.040 $\pm$ 0.010,0.033 $\pm$ 0.008,22.046 $\pm$ 0.494,N/A,500.000 $\pm$ 0.000,0.035 $\pm$ 0.012,N/A
Rolling OLS,10,4,0.5,uniform,0.027 $\pm$ 0.007,0.035 $\pm$ 0.008,0.029 $\pm$ 0.007,22.133 $\pm$ 0.511,N/A,500.000 $\pm$ 0.000,0.031 $\pm$ 0.011,N/A
Rolling OLS,20,1,0.05,gaussian,0.708 $\pm$ 0.009,0.903 $\pm$ 0.010,0.789 $\pm$ 0.006,9.903 $\pm$ 0.362,N/A,500.000 $\pm$ 0.000,0.931 $\pm$ 0.018,N/A
Rolling OLS,20,1,0.05,student_t,0.708 $\pm$ 0.011,0.906 $\pm$ 0.010,0.790 $\pm$ 0.008,9.830 $\pm$ 0.433,N/A,500.000 $\pm$ 0.000,0.933 $\pm$ 0.015,N/A
Rolling OLS,20,1,0.05,uniform,0.705 $\pm$ 0.009,0.906 $\pm$ 0.009,0.789 $\pm$ 0.007,9.921 $\pm$ 0.361,N/A,494.500 $\pm$ 24.597,0.936 $\pm$ 0.014,N/A
Rolling OLS,20,1,0.1,gaussian,0.562 $\pm$ 0.018,0.528 $\pm$ 0.019,0.537 $\pm$ 0.015,18.354 $\pm$ 0.605,N/A,500.000 $\pm$ 0.000,0.543 $\pm$ 0.033,N/A
Rolling OLS,20,1,0.1,student_t,0.569 $\pm$ 0.016,0.541 $\pm$ 0.023,0.547 $\pm$ 0.018,18.065 $\pm$ 0.674,N/A,500.000 $\pm$ 0.000,0.556 $\pm$ 0.036,N/A
Rolling OLS,20,1,0.1,uniform,0.570 $\pm$ 0.021,0.533 $\pm$ 0.024,0.544 $\pm$ 0.021,18.091 $\pm$ 0.762,N/A,500.000 $\pm$ 0.000,0.550 $\pm$ 0.037,N/A
Rolling OLS,20,1,0.25,gaussian,0.122 $\pm$ 0.021,0.062 $\pm$ 0.010,0.078 $\pm$ 0.013,27.981 $\pm$ 0.410,N/A,500.000 $\pm$ 0.000,0.059 $\pm$ 0.015,N/A
Rolling OLS,20,1,0.25,student_t,0.127 $\pm$ 0.022,0.063 $\pm$ 0.012,0.080 $\pm$ 0.015,28.094 $\pm$ 0.475,N/A,500.000 $\pm$ 0.000,0.064 $\pm$ 0.019,N/A
Rolling OLS,20,1,0.25,uniform,0.117 $\pm$ 0.017,0.059 $\pm$ 0.009,0.075 $\pm$ 0.011,28.037 $\pm$ 0.467,N/A,500.000 $\pm$ 0.000,0.059 $\pm$ 0.012,N/A
Rolling OLS,20,1,0.5,gaussian,0.063 $\pm$ 0.011,0.031 $\pm$ 0.006,0.039 $\pm$ 0.008,28.517 $\pm$ 0.356,N/A,500.000 $\pm$ 0.000,0.027 $\pm$ 0.008,N/A
Rolling OLS,20,1,0.5,student_t,0.064 $\pm$ 0.018,0.032 $\pm$ 0.008,0.039 $\pm$ 0.010,28.864 $\pm$ 0.546,N/A,500.000 $\pm$ 0.000,0.028 $\pm$ 0.009,N/A
Rolling OLS,20,1,0.5,uniform,0.059 $\pm$ 0.013,0.030 $\pm$ 0.007,0.037 $\pm$ 0.008,28.699 $\pm$ 0.489,N/A,500.000 $\pm$ 0.000,0.027 $\pm$ 0.008,N/A
Rolling OLS,20,2,0.05,gaussian,0.450 $\pm$ 0.007,0.894 $\pm$ 0.010,0.595 $\pm$ 0.008,26.272 $\pm$ 0.740,N/A,500.000 $\pm$ 0.000,0.920 $\pm$ 0.019,N/A
Rolling OLS,20,2,0.05,student_t,0.450 $\pm$ 0.010,0.895 $\pm$ 0.012,0.595 $\pm$ 0.009,26.281 $\pm$ 0.743,N/A,500.000 $\pm$ 0.000,0.921 $\pm$ 0.019,N/A
Rolling OLS,20,2,0.05,uniform,0.451 $\pm$ 0.012,0.896 $\pm$ 0.012,0.596 $\pm$ 0.012,26.285 $\pm$ 1.065,N/A,500.000 $\pm$ 0.000,0.921 $\pm$ 0.016,N/A
Rolling OLS,20,2,0.1,gaussian,0.318 $\pm$ 0.010,0.528 $\pm$ 0.018,0.392 $\pm$ 0.013,34.478 $\pm$ 0.818,N/A,500.000 $\pm$ 0.000,0.536 $\pm$ 0.033,N/A
Rolling OLS,20,2,0.1,student_t,0.318 $\pm$ 0.011,0.534 $\pm$ 0.019,0.394 $\pm$ 0.013,34.630 $\pm$ 0.912,N/A,500.000 $\pm$ 0.000,0.551 $\pm$ 0.040,N/A
Rolling OLS,20,2,0.1,uniform,0.322 $\pm$ 0.014,0.531 $\pm$ 0.024,0.396 $\pm$ 0.016,34.252 $\pm$ 1.053,N/A,500.000 $\pm$ 0.000,0.551 $\pm$ 0.034,N/A
Rolling OLS,20,2,0.25,gaussian,0.056 $\pm$ 0.008,0.072 $\pm$ 0.009,0.061 $\pm$ 0.008,44.312 $\pm$ 0.818,N/A,500.000 $\pm$ 0.000,0.068 $\pm$ 0.016,N/A
Rolling OLS,20,2,0.25,student_t,0.055 $\pm$ 0.008,0.072 $\pm$ 0.010,0.061 $\pm$ 0.008,44.483 $\pm$ 0.764,N/A,500.000 $\pm$ 0.000,0.070 $\pm$ 0.015,N/A
Rolling OLS,20,2,0.25,uniform,0.056 $\pm$ 0.010,0.072 $\pm$ 0.011,0.060 $\pm$ 0.010,44.166 $\pm$ 0.910,N/A,500.000 $\pm$ 0.000,0.070 $\pm$ 0.016,N/A
Rolling OLS,20,2,0.5,gaussian,0.029 $\pm$ 0.005,0.038 $\pm$ 0.006,0.031 $\pm$ 0.005,44.661 $\pm$ 0.595,N/A,500.000 $\pm$ 0.000,0.035 $\pm$ 0.011,N/A
Rolling OLS,20,2,0.5,student_t,0.029 $\pm$ 0.006,0.039 $\pm$ 0.007,0.032 $\pm$ 0.006,45.137 $\pm$ 0.942,N/A,500.000 $\pm$ 0.000,0.034 $\pm$ 0.009,N/A
Rolling OLS,20,2,0.5,uniform,0.028 $\pm$ 0.005,0.038 $\pm$ 0.006,0.031 $\pm$ 0.006,44.943 $\pm$ 0.805,N/A,500.000 $\pm$ 0.000,0.034 $\pm$ 0.008,N/A
Rolling OLS,20,4,0.05,gaussian,0.178 $\pm$ 0.003,0.870 $\pm$ 0.008,0.294 $\pm$ 0.004,95.066 $\pm$ 1.284,N/A,500.000 $\pm$ 0.000,0.885 $\pm$ 0.016,N/A
Rolling OLS,20,4,0.05,student_t,0.179 $\pm$ 0.004,0.870 $\pm$ 0.012,0.295 $\pm$ 0.006,94.954 $\pm$ 1.872,N/A,500.000 $\pm$ 0.000,0.890 $\pm$ 0.015,N/A
Rolling OLS,20,4,0.05,uniform,0.181 $\pm$ 0.004,0.871 $\pm$ 0.010,0.298 $\pm$ 0.006,93.872 $\pm$ 2.281,N/A,500.000 $\pm$ 0.000,0.892 $\pm$ 0.012,N/A
Rolling OLS,20,4,0.1,gaussian,0.113 $\pm$ 0.003,0.522 $\pm$ 0.015,0.185 $\pm$ 0.005,103.414 $\pm$ 1.649,N/A,500.000 $\pm$ 0.000,0.522 $\pm$ 0.035,N/A
Rolling OLS,20,4,0.1,student_t,0.114 $\pm$ 0.005,0.527 $\pm$ 0.020,0.186 $\pm$ 0.007,103.525 $\pm$ 2.074,N/A,500.000 $\pm$ 0.000,0.532 $\pm$ 0.029,N/A
Rolling OLS,20,4,0.1,uniform,0.115 $\pm$ 0.003,0.527 $\pm$ 0.017,0.187 $\pm$ 0.005,102.379 $\pm$ 2.010,N/A,500.000 $\pm$ 0.000,0.537 $\pm$ 0.023,N/A
Rolling OLS,20,4,0.25,gaussian,0.021 $\pm$ 0.002,0.099 $\pm$ 0.010,0.034 $\pm$ 0.004,112.727 $\pm$ 1.524,N/A,500.000 $\pm$ 0.000,0.090 $\pm$ 0.014,N/A
Rolling OLS,20,4,0.25,student_t,0.022 $\pm$ 0.003,0.103 $\pm$ 0.010,0.036 $\pm$ 0.004,112.269 $\pm$ 1.778,N/A,500.000 $\pm$ 0.000,0.094 $\pm$ 0.017,N/A
Rolling OLS,20,4,0.25,uniform,0.021 $\pm$ 0.003,0.099 $\pm$ 0.012,0.035 $\pm$ 0.004,112.276 $\pm$ 1.636,N/A,500.000 $\pm$ 0.000,0.091 $\pm$ 0.017,N/A
Rolling OLS,20,4,0.5,gaussian,0.014 $\pm$ 0.002,0.067 $\pm$ 0.007,0.022 $\pm$ 0.003,113.450 $\pm$ 1.912,N/A,500.000 $\pm$ 0.000,0.055 $\pm$ 0.012,N/A
Rolling OLS,20,4,0.5,student_t,0.014 $\pm$ 0.002,0.069 $\pm$ 0.009,0.023 $\pm$ 0.003,112.751 $\pm$ 1.486,N/A,500.000 $\pm$ 0.000,0.057 $\pm$ 0.013,N/A
Rolling OLS,20,4,0.5,uniform,0.013 $\pm$ 0.002,0.064 $\pm$ 0.011,0.021 $\pm$ 0.004,112.930 $\pm$ 1.603,N/A,500.000 $\pm$ 0.000,0.054 $\pm$ 0.012,N/A
Rolling OLS,50,1,0.05,gaussian,0.379 $\pm$ 0.004,0.893 $\pm$ 0.008,0.530 $\pm$ 0.004,86.829 $\pm$ 1.324,N/A,500.000 $\pm$ 0.000,0.917 $\pm$ 0.009,N/A
Rolling OLS,50,1,0.05,student_t,0.381 $\pm$ 0.004,0.891 $\pm$ 0.007,0.532 $\pm$ 0.004,85.952 $\pm$ 1.540,N/A,500.000 $\pm$ 0.000,0.910 $\pm$ 0.011,N/A
Rolling OLS,50,1,0.05,uniform,0.380 $\pm$ 0.005,0.892 $\pm$ 0.007,0.530 $\pm$ 0.005,86.705 $\pm$ 1.546,N/A,500.000 $\pm$ 0.000,0.911 $\pm$ 0.011,N/A
Rolling OLS,50,1,0.1,gaussian,0.249 $\pm$ 0.006,0.531 $\pm$ 0.014,0.337 $\pm$ 0.008,112.012 $\pm$ 1.890,N/A,500.000 $\pm$ 0.000,0.539 $\pm$ 0.023,N/A
Rolling OLS,50,1,0.1,student_t,0.250 $\pm$ 0.007,0.531 $\pm$ 0.013,0.337 $\pm$ 0.008,112.103 $\pm$ 2.066,N/A,500.000 $\pm$ 0.000,0.537 $\pm$ 0.019,N/A
Rolling OLS,50,1,0.1,uniform,0.248 $\pm$ 0.008,0.525 $\pm$ 0.016,0.335 $\pm$ 0.010,112.212 $\pm$ 1.622,N/A,500.000 $\pm$ 0.000,0.531 $\pm$ 0.024,N/A
Rolling OLS,50,1,0.25,gaussian,0.041 $\pm$ 0.003,0.076 $\pm$ 0.005,0.052 $\pm$ 0.004,139.547 $\pm$ 1.628,N/A,500.000 $\pm$ 0.000,0.070 $\pm$ 0.007,N/A
Rolling OLS,50,1,0.25,student_t,0.040 $\pm$ 0.004,0.076 $\pm$ 0.007,0.051 $\pm$ 0.005,140.218 $\pm$ 2.148,N/A,500.000 $\pm$ 0.000,0.073 $\pm$ 0.010,N/A
Rolling OLS,50,1,0.25,uniform,0.040 $\pm$ 0.004,0.075 $\pm$ 0.007,0.051 $\pm$ 0.005,140.245 $\pm$ 1.297,N/A,500.000 $\pm$ 0.000,0.070 $\pm$ 0.008,N/A
Rolling OLS,50,1,0.5,gaussian,0.022 $\pm$ 0.002,0.042 $\pm$ 0.003,0.028 $\pm$ 0.002,142.127 $\pm$ 1.713,N/A,500.000 $\pm$ 0.000,0.036 $\pm$ 0.006,N/A
Rolling OLS,50,1,0.5,student_t,0.021 $\pm$ 0.003,0.042 $\pm$ 0.006,0.027 $\pm$ 0.004,142.661 $\pm$ 2.024,N/A,500.000 $\pm$ 0.000,0.038 $\pm$ 0.007,N/A
Rolling OLS,50,1,0.5,uniform,0.022 $\pm$ 0.002,0.043 $\pm$ 0.004,0.028 $\pm$ 0.003,142.489 $\pm$ 1.239,N/A,500.000 $\pm$ 0.000,0.038 $\pm$ 0.006,N/A
Rolling OLS,50,2,0.05,gaussian,0.118 $\pm$ 0.002,0.864 $\pm$ 0.010,0.207 $\pm$ 0.003,389.687 $\pm$ 6.118,N/A,500.000 $\pm$ 0.000,0.881 $\pm$ 0.017,N/A
Rolling OLS,50,2,0.05,student_t,0.117 $\pm$ 0.002,0.859 $\pm$ 0.011,0.206 $\pm$ 0.003,389.591 $\pm$ 4.526,N/A,500.000 $\pm$ 0.000,0.869 $\pm$ 0.015,N/A
Rolling OLS,50,2,0.05,uniform,0.117 $\pm$ 0.002,0.860 $\pm$ 0.009,0.206 $\pm$ 0.003,388.733 $\pm$ 3.607,N/A,500.000 $\pm$ 0.000,0.873 $\pm$ 0.014,N/A
Rolling OLS,50,2,0.1,gaussian,0.073 $\pm$ 0.002,0.531 $\pm$ 0.016,0.128 $\pm$ 0.004,417.060 $\pm$ 4.335,N/A,500.000 $\pm$ 0.000,0.525 $\pm$ 0.027,N/A
Rolling OLS,50,2,0.1,student_t,0.073 $\pm$ 0.002,0.529 $\pm$ 0.014,0.127 $\pm$ 0.004,417.840 $\pm$ 4.619,N/A,500.000 $\pm$ 0.000,0.526 $\pm$ 0.023,N/A
Rolling OLS,50,2,0.1,uniform,0.072 $\pm$ 0.002,0.528 $\pm$ 0.012,0.127 $\pm$ 0.003,417.561 $\pm$ 4.955,N/A,500.000 $\pm$ 0.000,0.525 $\pm$ 0.021,N/A
Rolling OLS,50,2,0.25,gaussian,0.015 $\pm$ 0.001,0.119 $\pm$ 0.007,0.027 $\pm$ 0.002,443.422 $\pm$ 4.644,N/A,500.000 $\pm$ 0.000,0.105 $\pm$ 0.009,N/A
Rolling OLS,50,2,0.25,student_t,0.016 $\pm$ 0.001,0.122 $\pm$ 0.008,0.027 $\pm$ 0.002,445.709 $\pm$ 5.447,N/A,500.000 $\pm$ 0.000,0.111 $\pm$ 0.009,N/A
Rolling OLS,50,2,0.25,uniform,0.015 $\pm$ 0.001,0.119 $\pm$ 0.008,0.027 $\pm$ 0.002,444.265 $\pm$ 5.708,N/A,500.000 $\pm$ 0.000,0.105 $\pm$ 0.012,N/A
Rolling OLS,50,2,0.5,gaussian,0.010 $\pm$ 0.001,0.086 $\pm$ 0.005,0.018 $\pm$ 0.001,445.700 $\pm$ 5.372,N/A,500.000 $\pm$ 0.000,0.069 $\pm$ 0.007,N/A
Rolling OLS,50,2,0.5,student_t,0.011 $\pm$ 0.001,0.087 $\pm$ 0.006,0.018 $\pm$ 0.001,448.083 $\pm$ 3.833,N/A,500.000 $\pm$ 0.000,0.073 $\pm$ 0.006,N/A
Rolling OLS,50,2,0.5,uniform,0.010 $\pm$ 0.001,0.085 $\pm$ 0.007,0.018 $\pm$ 0.002,446.688 $\pm$ 4.794,N/A,500.000 $\pm$ 0.000,0.069 $\pm$ 0.009,N/A
Rolling OLS,50,4,0.05,gaussian,0.013 $\pm$ 0.000,0.728 $\pm$ 0.009,0.025 $\pm$ 0.001,3015.704 $\pm$ 15.622,N/A,500.000 $\pm$ 0.000,0.749 $\pm$ 0.013,N/A
Rolling OLS,50,4,0.05,student_t,0.013 $\pm$ 0.000,0.723 $\pm$ 0.010,0.025 $\pm$ 0.001,3008.157 $\pm$ 20.223,N/A,500.000 $\pm$ 0.000,0.745 $\pm$ 0.014,N/A
Rolling OLS,50,4,0.05,uniform,0.013 $\pm$ 0.000,0.723 $\pm$ 0.008,0.025 $\pm$ 0.000,3014.176 $\pm$ 16.886,N/A,500.000 $\pm$ 0.000,0.743 $\pm$ 0.011,N/A
Rolling OLS,50,4,0.1,gaussian,0.009 $\pm$ 0.000,0.527 $\pm$ 0.010,0.017 $\pm$ 0.000,3048.060 $\pm$ 15.795,N/A,500.000 $\pm$ 0.000,0.542 $\pm$ 0.013,N/A
Rolling OLS,50,4,0.1,student_t,0.009 $\pm$ 0.000,0.525 $\pm$ 0.011,0.017 $\pm$ 0.000,3039.682 $\pm$ 19.260,N/A,500.000 $\pm$ 0.000,0.538 $\pm$ 0.017,N/A
Rolling OLS,50,4,0.1,uniform,0.009 $\pm$ 0.000,0.524 $\pm$ 0.013,0.017 $\pm$ 0.000,3044.858 $\pm$ 16.681,N/A,500.000 $\pm$ 0.000,0.537 $\pm$ 0.014,N/A
Rolling OLS,50,4,0.25,gaussian,0.005 $\pm$ 0.000,0.332 $\pm$ 0.010,0.011 $\pm$ 0.000,3069.458 $\pm$ 15.806,N/A,500.000 $\pm$ 0.000,0.333 $\pm$ 0.013,N/A
Rolling OLS,50,4,0.25,student_t,0.005 $\pm$ 0.000,0.335 $\pm$ 0.009,0.011 $\pm$ 0.000,3062.275 $\pm$ 18.567,N/A,500.000 $\pm$ 0.000,0.336 $\pm$ 0.011,N/A
Rolling OLS,50,4,0.25,uniform,0.005 $\pm$ 0.000,0.332 $\pm$ 0.010,0.010 $\pm$ 0.000,3067.192 $\pm$ 22.279,N/A,500.000 $\pm$ 0.000,0.333 $\pm$ 0.009,N/A
Rolling OLS,50,4,0.5,gaussian,0.005 $\pm$ 0.000,0.315 $\pm$ 0.010,0.010 $\pm$ 0.000,3070.994 $\pm$ 21.502,N/A,500.000 $\pm$ 0.000,0.312 $\pm$ 0.012,N/A
Rolling OLS,50,4,0.5,student_t,0.005 $\pm$ 0.000,0.314 $\pm$ 0.010,0.010 $\pm$ 0.000,3066.954 $\pm$ 12.485,N/A,500.000 $\pm$ 0.000,0.317 $\pm$ 0.009,N/A
Rolling OLS,50,4,0.5,uniform,0.005 $\pm$ 0.000,0.312 $\pm$ 0.009,0.010 $\pm$ 0.000,3068.855 $\pm$ 21.459,N/A,500.000 $\pm$ 0.000,0.314 $\pm$ 0.011,N/A
SCA,4,1,0.05,gaussian,0.917 $\pm$ 0.010,0.908 $\pm$ 0.023,0.908 $\pm$ 0.014,0.697 $\pm$ 0.091,1.000 $\pm$ 0.000,305.333 $\pm$ 41.073,0.993 $\pm$ 0.018,0.043 $\pm$ 0.004
SCA,4,1,0.05,student_t,0.915 $\pm$ 0.010,0.912 $\pm$ 0.023,0.909 $\pm$ 0.014,0.708 $\pm$ 0.114,1.000 $\pm$ 0.000,300.833 $\pm$ 48.206,0.985 $\pm$ 0.030,0.043 $\pm$ 0.004
SCA,4,1,0.05,uniform,0.917 $\pm$ 0.012,0.911 $\pm$ 0.014,0.910 $\pm$ 0.009,0.690 $\pm$ 0.078,1.000 $\pm$ 0.000,296.000 $\pm$ 44.454,0.995 $\pm$ 0.012,0.043 $\pm$ 0.003
SCA,4,1,0.1,gaussian,0.878 $\pm$ 0.043,0.522 $\pm$ 0.086,0.626 $\pm$ 0.077,2.152 $\pm$ 0.358,1.000 $\pm$ 0.000,483.333 $\pm$ 24.780,0.587 $\pm$ 0.123,0.048 $\pm$ 0.003
SCA,4,1,0.1,student_t,0.882 $\pm$ 0.050,0.542 $\pm$ 0.078,0.641 $\pm$ 0.072,2.111 $\pm$ 0.351,1.000 $\pm$ 0.000,480.500 $\pm$ 27.172,0.569 $\pm$ 0.133,0.048 $\pm$ 0.006
SCA,4,1,0.1,uniform,0.855 $\pm$ 0.073,0.488 $\pm$ 0.075,0.595 $\pm$ 0.073,2.297 $\pm$ 0.320,1.000 $\pm$ 0.000,476.167 $\pm$ 45.180,0.512 $\pm$ 0.123,0.047 $\pm$ 0.003
SCA,4,1,0.25,gaussian,0.041 $\pm$ 0.029,0.029 $\pm$ 0.011,0.028 $\pm$ 0.014,4.075 $\pm$ 0.065,1.000 $\pm$ 0.000,500.000 $\pm$ 0.000,0.011 $\pm$ 0.017,0.052 $\pm$ 0.004
SCA,4,1,0.25,student_t,0.055 $\pm$ 0.043,0.037 $\pm$ 0.016,0.036 $\pm$ 0.019,4.068 $\pm$ 0.079,1.000 $\pm$ 0.000,500.000 $\pm$ 0.000,0.008 $\pm$ 0.023,0.051 $\pm$ 0.005
SCA,4,1,0.25,uniform,0.063 $\pm$ 0.041,0.036 $\pm$ 0.016,0.038 $\pm$ 0.018,4.020 $\pm$ 0.057,1.000 $\pm$ 0.000,500.000 $\pm$ 0.000,0.005 $\pm$ 0.015,0.049 $\pm$ 0.004
SCA,4,1,0.5,gaussian,0.012 $\pm$ 0.006,0.019 $\pm$ 0.008,0.014 $\pm$ 0.005,4.124 $\pm$ 0.055,1.000 $\pm$ 0.000,500.000 $\pm$ 0.000,0.000 $\pm$ 0.000,0.052 $\pm$ 0.005
SCA,4,1,0.5,student_t,0.020 $\pm$ 0.016,0.025 $\pm$ 0.013,0.019 $\pm$ 0.011,4.115 $\pm$ 0.053,1.000 $\pm$ 0.000,500.000 $\pm$ 0.000,0.000 $\pm$ 0.000,0.052 $\pm$ 0.004
SCA,4,1,0.5,uniform,0.023 $\pm$ 0.015,0.025 $\pm$ 0.012,0.020 $\pm$ 0.010,4.080 $\pm$ 0.046,1.000 $\pm$ 0.000,500.000 $\pm$ 0.000,0.000 $\pm$ 0.000,0.050 $\pm$ 0.004
SCA,4,2,0.05,gaussian,0.910 $\pm$ 0.009,0.921 $\pm$ 0.012,0.905 $\pm$ 0.009,1.026 $\pm$ 0.094,1.000 $\pm$ 0.000,250.500 $\pm$ 37.530,0.983 $\pm$ 0.028,0.090 $\pm$ 0.002
SCA,4,2,0.05,student_t,0.903 $\pm$ 0.017,0.920 $\pm$ 0.015,0.901 $\pm$ 0.014,1.063 $\pm$ 0.170,1.000 $\pm$ 0.000,253.000 $\pm$ 43.888,0.973 $\pm$ 0.042,0.091 $\pm$ 0.002
SCA,4,2,0.05,uniform,0.906 $\pm$ 0.012,0.915 $\pm$ 0.016,0.900 $\pm$ 0.012,1.070 $\pm$ 0.136,1.000 $\pm$ 0.000,260.167 $\pm$ 43.896,0.983 $\pm$ 0.021,0.091 $\pm$ 0.002
SCA,4,2,0.1,gaussian,0.869 $\pm$ 0.042,0.551 $\pm$ 0.081,0.637 $\pm$ 0.065,2.508 $\pm$ 0.270,1.000 $\pm$ 0.000,456.333 $\pm$ 51.480,0.626 $\pm$ 0.116,0.091 $\pm$ 0.001
SCA,4,2,0.1,student_t,0.878 $\pm$ 0.041,0.556 $\pm$ 0.056,0.644 $\pm$ 0.047,2.442 $\pm$ 0.249,1.000 $\pm$ 0.000,472.500 $\pm$ 45.933,0.598 $\pm$ 0.107,0.092 $\pm$ 0.002
SCA,4,2,0.1,uniform,0.855 $\pm$ 0.039,0.514 $\pm$ 0.053,0.602 $\pm$ 0.052,2.664 $\pm$ 0.314,1.000 $\pm$ 0.000,468.000 $\pm$ 44.922,0.560 $\pm$ 0.101,0.091 $\pm$ 0.001
SCA,4,2,0.25,gaussian,0.060 $\pm$ 0.041,0.045 $\pm$ 0.011,0.033 $\pm$ 0.016,4.462 $\pm$ 0.132,1.000 $\pm$ 0.000,500.000 $\pm$ 0.000,0.018 $\pm$ 0.026,0.093 $\pm$ 0.001
SCA,4,2,0.25,student_t,0.056 $\pm$ 0.049,0.041 $\pm$ 0.015,0.031 $\pm$ 0.020,4.478 $\pm$ 0.122,1.000 $\pm$ 0.000,500.000 $\pm$ 0.000,0.004 $\pm$ 0.009,0.092 $\pm$ 0.001
SCA,4,2,0.25,uniform,0.064 $\pm$ 0.048,0.048 $\pm$ 0.015,0.035 $\pm$ 0.020,4.527 $\pm$ 0.178,1.000 $\pm$ 0.000,500.000 $\pm$ 0.000,0.008 $\pm$ 0.021,0.092 $\pm$ 0.002
SCA,4,2,0.5,gaussian,0.019 $\pm$ 0.019,0.033 $\pm$ 0.012,0.016 $\pm$ 0.009,4.555 $\pm$ 0.167,1.000 $\pm$ 0.000,500.000 $\pm$ 0.000,0.004 $\pm$ 0.011,0.093 $\pm$ 0.001
SCA,4,2,0.5,student_t,0.020 $\pm$ 0.016,0.033 $\pm$ 0.010,0.017 $\pm$ 0.007,4.489 $\pm$ 0.151,1.000 $\pm$ 0.000,500.000 $\pm$ 0.000,0.000 $\pm$ 0.001,0.092 $\pm$ 0.001
SCA,4,2,0.5,uniform,0.022 $\pm$ 0.022,0.031 $\pm$ 0.008,0.017 $\pm$ 0.009,4.521 $\pm$ 0.103,1.000 $\pm$ 0.000,500.000 $\pm$ 0.000,0.001 $\pm$ 0.003,0.092 $\pm$ 0.002
SCA,4,4,0.05,gaussian,0.895 $\pm$ 0.013,0.911 $\pm$ 0.017,0.896 $\pm$ 0.013,1.035 $\pm$ 0.154,1.000 $\pm$ 0.000,242.333 $\pm$ 32.247,0.987 $\pm$ 0.017,0.097 $\pm$ 0.000
SCA,4,4,0.05,student_t,0.891 $\pm$ 0.018,0.909 $\pm$ 0.020,0.893 $\pm$ 0.014,1.059 $\pm$ 0.171,1.000 $\pm$ 0.000,242.833 $\pm$ 46.695,0.981 $\pm$ 0.024,0.097 $\pm$ 0.000
SCA,4,4,0.05,uniform,0.891 $\pm$ 0.016,0.912 $\pm$ 0.018,0.893 $\pm$ 0.013,1.064 $\pm$ 0.198,1.000 $\pm$ 0.000,254.667 $\pm$ 42.816,0.983 $\pm$ 0.026,0.097 $\pm$ 0.000
SCA,4,4,0.1,gaussian,0.847 $\pm$ 0.044,0.537 $\pm$ 0.050,0.627 $\pm$ 0.044,2.485 $\pm$ 0.287,1.000 $\pm$ 0.000,461.667 $\pm$ 57.497,0.602 $\pm$ 0.118,0.097 $\pm$ 0.000
SCA,4,4,0.1,student_t,0.845 $\pm$ 0.037,0.553 $\pm$ 0.052,0.639 $\pm$ 0.046,2.475 $\pm$ 0.190,1.000 $\pm$ 0.000,447.167 $\pm$ 41.072,0.624 $\pm$ 0.081,0.097 $\pm$ 0.000
SCA,4,4,0.1,uniform,0.837 $\pm$ 0.054,0.518 $\pm$ 0.074,0.608 $\pm$ 0.066,2.553 $\pm$ 0.260,1.000 $\pm$ 0.000,470.333 $\pm$ 47.621,0.557 $\pm$ 0.187,0.097 $\pm$ 0.000
SCA,4,4,0.25,gaussian,0.058 $\pm$ 0.044,0.026 $\pm$ 0.012,0.028 $\pm$ 0.018,4.492 $\pm$ 0.127,1.000 $\pm$ 0.000,500.000 $\pm$ 0.000,0.016 $\pm$ 0.019,0.097 $\pm$ 0.000
SCA,4,4,0.25,student_t,0.083 $\pm$ 0.052,0.033 $\pm$ 0.015,0.039 $\pm$ 0.023,4.450 $\pm$ 0.132,1.000 $\pm$ 0.000,500.000 $\pm$ 0.000,0.031 $\pm$ 0.040,0.097 $\pm$ 0.000
SCA,4,4,0.25,uniform,0.074 $\pm$ 0.074,0.034 $\pm$ 0.023,0.036 $\pm$ 0.033,4.565 $\pm$ 0.348,1.000 $\pm$ 0.000,500.000 $\pm$ 0.000,0.021 $\pm$ 0.031,0.097 $\pm$ 0.000
SCA,4,4,0.5,gaussian,0.016 $\pm$ 0.027,0.013 $\pm$ 0.007,0.010 $\pm$ 0.011,4.504 $\pm$ 0.122,1.000 $\pm$ 0.000,500.000 $\pm$ 0.000,0.003 $\pm$ 0.009,0.097 $\pm$ 0.000
SCA,4,4,0.5,student_t,0.022 $\pm$ 0.027,0.014 $\pm$ 0.011,0.012 $\pm$ 0.012,4.564 $\pm$ 0.198,1.000 $\pm$ 0.000,500.000 $\pm$ 0.000,0.006 $\pm$ 0.012,0.097 $\pm$ 0.000
SCA,4,4,0.5,uniform,0.021 $\pm$ 0.024,0.014 $\pm$ 0.010,0.012 $\pm$ 0.011,4.554 $\pm$ 0.151,1.000 $\pm$ 0.000,500.000 $\pm$ 0.000,0.004 $\pm$ 0.009,0.097 $\pm$ 0.000
SCA,10,1,0.05,gaussian,0.914 $\pm$ 0.007,0.939 $\pm$ 0.008,0.918 $\pm$ 0.006,2.728 $\pm$ 0.305,1.000 $\pm$ 0.000,273.833 $\pm$ 45.090,0.982 $\pm$ 0.012,0.097 $\pm$ 0.000
SCA,10,1,0.05,student_t,0.918 $\pm$ 0.007,0.941 $\pm$ 0.013,0.921 $\pm$ 0.007,2.689 $\pm$ 0.346,1.000 $\pm$ 0.000,266.333 $\pm$ 61.482,0.985 $\pm$ 0.018,0.097 $\pm$ 0.000
SCA,10,1,0.05,uniform,0.917 $\pm$ 0.007,0.936 $\pm$ 0.011,0.918 $\pm$ 0.007,2.621 $\pm$ 0.204,1.000 $\pm$ 0.000,277.667 $\pm$ 41.691,0.982 $\pm$ 0.016,0.097 $\pm$ 0.000
SCA,10,1,0.1,gaussian,0.888 $\pm$ 0.020,0.536 $\pm$ 0.038,0.643 $\pm$ 0.031,6.769 $\pm$ 0.451,1.000 $\pm$ 0.000,496.500 $\pm$ 15.652,0.552 $\pm$ 0.048,0.097 $\pm$ 0.000
SCA,10,1,0.1,student_t,0.899 $\pm$ 0.015,0.560 $\pm$ 0.035,0.665 $\pm$ 0.029,6.536 $\pm$ 0.338,1.000 $\pm$ 0.000,497.000 $\pm$ 13.416,0.579 $\pm$ 0.055,0.097 $\pm$ 0.000
SCA,10,1,0.1,uniform,0.897 $\pm$ 0.016,0.524 $\pm$ 0.047,0.635 $\pm$ 0.041,6.735 $\pm$ 0.490,1.000 $\pm$ 0.000,498.500 $\pm$ 6.708,0.548 $\pm$ 0.069,0.097 $\pm$ 0.000
SCA,10,1,0.25,gaussian,0.107 $\pm$ 0.049,0.037 $\pm$ 0.010,0.030 $\pm$ 0.012,11.701 $\pm$ 0.410,1.000 $\pm$ 0.000,500.000 $\pm$ 0.000,0.012 $\pm$ 0.010,0.097 $\pm$ 0.000
SCA,10,1,0.25,student_t,0.100 $\pm$ 0.058,0.037 $\pm$ 0.010,0.029 $\pm$ 0.013,11.830 $\pm$ 0.398,1.000 $\pm$ 0.000,500.000 $\pm$ 0.000,0.009 $\pm$ 0.010,0.097 $\pm$ 0.000
SCA,10,1,0.25,uniform,0.106 $\pm$ 0.050,0.037 $\pm$ 0.008,0.030 $\pm$ 0.010,11.677 $\pm$ 0.459,1.000 $\pm$ 0.000,500.000 $\pm$ 0.000,0.014 $\pm$ 0.015,0.097 $\pm$ 0.000
SCA,10,1,0.5,gaussian,0.026 $\pm$ 0.023,0.026 $\pm$ 0.006,0.012 $\pm$ 0.005,11.856 $\pm$ 0.323,1.000 $\pm$ 0.000,500.000 $\pm$ 0.000,0.002 $\pm$ 0.003,0.097 $\pm$ 0.000
SCA,10,1,0.5,student_t,0.033 $\pm$ 0.028,0.028 $\pm$ 0.006,0.014 $\pm$ 0.007,12.021 $\pm$ 0.355,1.000 $\pm$ 0.000,500.000 $\pm$ 0.000,0.004 $\pm$ 0.005,0.097 $\pm$ 0.000
SCA,10,1,0.5,uniform,0.036 $\pm$ 0.037,0.029 $\pm$ 0.008,0.015 $\pm$ 0.008,11.840 $\pm$ 0.388,1.000 $\pm$ 0.000,500.000 $\pm$ 0.000,0.007 $\pm$ 0.011,0.097 $\pm$ 0.000
SCA,10,2,0.05,gaussian,0.881 $\pm$ 0.012,0.933 $\pm$ 0.010,0.900 $\pm$ 0.009,2.805 $\pm$ 0.263,1.000 $\pm$ 0.000,334.167 $\pm$ 57.378,0.980 $\pm$ 0.014,0.097 $\pm$ 0.000
SCA,10,2,0.05,student_t,0.884 $\pm$ 0.012,0.932 $\pm$ 0.012,0.902 $\pm$ 0.007,2.807 $\pm$ 0.223,1.000 $\pm$ 0.000,299.167 $\pm$ 49.369,0.984 $\pm$ 0.016,0.097 $\pm$ 0.000
SCA,10,2,0.05,uniform,0.884 $\pm$ 0.013,0.929 $\pm$ 0.014,0.900 $\pm$ 0.010,2.783 $\pm$ 0.273,1.000 $\pm$ 0.000,283.333 $\pm$ 79.612,0.983 $\pm$ 0.017,0.097 $\pm$ 0.000
SCA,10,2,0.1,gaussian,0.837 $\pm$ 0.022,0.526 $\pm$ 0.046,0.628 $\pm$ 0.038,6.816 $\pm$ 0.455,1.000 $\pm$ 0.000,494.833 $\pm$ 23.106,0.543 $\pm$ 0.073,0.097 $\pm$ 0.000
SCA,10,2,0.1,student_t,0.842 $\pm$ 0.024,0.543 $\pm$ 0.033,0.643 $\pm$ 0.025,6.698 $\pm$ 0.313,1.000 $\pm$ 0.000,495.000 $\pm$ 22.361,0.572 $\pm$ 0.062,0.097 $\pm$ 0.000
SCA,10,2,0.1,uniform,0.842 $\pm$ 0.020,0.514 $\pm$ 0.042,0.618 $\pm$ 0.037,6.851 $\pm$ 0.455,1.000 $\pm$ 0.000,498.833 $\pm$ 5.217,0.551 $\pm$ 0.068,0.097 $\pm$ 0.000
SCA,10,2,0.25,gaussian,0.097 $\pm$ 0.045,0.025 $\pm$ 0.009,0.029 $\pm$ 0.013,11.823 $\pm$ 0.325,1.000 $\pm$ 0.000,500.000 $\pm$ 0.000,0.012 $\pm$ 0.012,0.097 $\pm$ 0.000
SCA,10,2,0.25,student_t,0.095 $\pm$ 0.047,0.022 $\pm$ 0.009,0.027 $\pm$ 0.013,11.867 $\pm$ 0.315,1.000 $\pm$ 0.000,500.000 $\pm$ 0.000,0.015 $\pm$ 0.012,0.097 $\pm$ 0.000
SCA,10,2,0.25,uniform,0.106 $\pm$ 0.039,0.024 $\pm$ 0.007,0.029 $\pm$ 0.010,11.768 $\pm$ 0.278,1.000 $\pm$ 0.000,500.000 $\pm$ 0.000,0.015 $\pm$ 0.014,0.097 $\pm$ 0.000
SCA,10,2,0.5,gaussian,0.032 $\pm$ 0.026,0.012 $\pm$ 0.006,0.011 $\pm$ 0.007,11.913 $\pm$ 0.333,1.000 $\pm$ 0.000,500.000 $\pm$ 0.000,0.003 $\pm$ 0.006,0.097 $\pm$ 0.000
SCA,10,2,0.5,student_t,0.036 $\pm$ 0.030,0.013 $\pm$ 0.006,0.011 $\pm$ 0.007,12.000 $\pm$ 0.257,1.000 $\pm$ 0.000,500.000 $\pm$ 0.000,0.006 $\pm$ 0.006,0.097 $\pm$ 0.000
SCA,10,2,0.5,uniform,0.033 $\pm$ 0.031,0.013 $\pm$ 0.006,0.011 $\pm$ 0.008,11.922 $\pm$ 0.284,1.000 $\pm$ 0.000,500.000 $\pm$ 0.000,0.006 $\pm$ 0.009,0.097 $\pm$ 0.000
SCA,10,4,0.05,gaussian,0.772 $\pm$ 0.019,0.911 $\pm$ 0.014,0.832 $\pm$ 0.012,3.611 $\pm$ 0.293,1.000 $\pm$ 0.000,419.833 $\pm$ 58.644,0.973 $\pm$ 0.016,0.097 $\pm$ 0.000
SCA,10,4,0.05,student_t,0.770 $\pm$ 0.026,0.908 $\pm$ 0.014,0.829 $\pm$ 0.017,3.653 $\pm$ 0.443,1.000 $\pm$ 0.000,422.333 $\pm$ 68.936,0.964 $\pm$ 0.023,0.097 $\pm$ 0.000
SCA,10,4,0.05,uniform,0.771 $\pm$ 0.022,0.909 $\pm$ 0.022,0.830 $\pm$ 0.016,3.617 $\pm$ 0.404,1.000 $\pm$ 0.000,406.833 $\pm$ 51.007,0.969 $\pm$ 0.021,0.097 $\pm$ 0.000
SCA,10,4,0.1,gaussian,0.670 $\pm$ 0.032,0.499 $\pm$ 0.056,0.559 $\pm$ 0.046,7.667 $\pm$ 0.542,1.000 $\pm$ 0.000,500.000 $\pm$ 0.000,0.533 $\pm$ 0.069,0.097 $\pm$ 0.000
SCA,10,4,0.1,student_t,0.682 $\pm$ 0.043,0.512 $\pm$ 0.044,0.573 $\pm$ 0.039,7.470 $\pm$ 0.578,1.000 $\pm$ 0.000,500.000 $\pm$ 0.000,0.566 $\pm$ 0.084,0.097 $\pm$ 0.000
SCA,10,4,0.1,uniform,0.662 $\pm$ 0.035,0.492 $\pm$ 0.056,0.552 $\pm$ 0.050,7.749 $\pm$ 0.673,1.000 $\pm$ 0.000,500.000 $\pm$ 0.000,0.555 $\pm$ 0.073,0.097 $\pm$ 0.000
SCA,10,4,0.25,gaussian,0.078 $\pm$ 0.036,0.022 $\pm$ 0.007,0.032 $\pm$ 0.011,12.279 $\pm$ 0.369,1.000 $\pm$ 0.000,500.000 $\pm$ 0.000,0.018 $\pm$ 0.018,0.097 $\pm$ 0.000
SCA,10,4,0.25,student_t,0.085 $\pm$ 0.041,0.023 $\pm$ 0.010,0.034 $\pm$ 0.015,12.325 $\pm$ 0.328,1.000 $\pm$ 0.000,500.000 $\pm$ 0.000,0.024 $\pm$ 0.008,0.097 $\pm$ 0.000
SCA,10,4,0.25,uniform,0.077 $\pm$ 0.040,0.021 $\pm$ 0.010,0.031 $\pm$ 0.014,12.301 $\pm$ 0.317,1.000 $\pm$ 0.000,500.000 $\pm$ 0.000,0.017 $\pm$ 0.015,0.097 $\pm$ 0.000
SCA,10,4,0.5,gaussian,0.030 $\pm$ 0.017,0.010 $\pm$ 0.004,0.013 $\pm$ 0.006,12.439 $\pm$ 0.295,1.000 $\pm$ 0.000,500.000 $\pm$ 0.000,0.006 $\pm$ 0.008,0.097 $\pm$ 0.000
SCA,10,4,0.5,student_t,0.027 $\pm$ 0.017,0.008 $\pm$ 0.004,0.011 $\pm$ 0.006,12.553 $\pm$ 0.280,1.000 $\pm$ 0.000,500.000 $\pm$ 0.000,0.008 $\pm$ 0.005,0.097 $\pm$ 0.000
SCA,10,4,0.5,uniform,0.028 $\pm$ 0.021,0.007 $\pm$ 0.005,0.011 $\pm$ 0.007,12.461 $\pm$ 0.285,1.000 $\pm$ 0.000,500.000 $\pm$ 0.000,0.007 $\pm$ 0.008,0.097 $\pm$ 0.000
SCA,20,1,0.05,gaussian,0.896 $\pm$ 0.006,0.937 $\pm$ 0.012,0.910 $\pm$ 0.007,5.607 $\pm$ 0.344,1.000 $\pm$ 0.000,368.333 $\pm$ 87.556,0.983 $\pm$ 0.011,0.097 $\pm$ 0.000
SCA,20,1,0.05,student_t,0.897 $\pm$ 0.007,0.937 $\pm$ 0.012,0.911 $\pm$ 0.006,5.547 $\pm$ 0.418,1.000 $\pm$ 0.000,334.333 $\pm$ 77.453,0.979 $\pm$ 0.013,0.097 $\pm$ 0.000
SCA,20,1,0.05,uniform,0.896 $\pm$ 0.009,0.939 $\pm$ 0.009,0.912 $\pm$ 0.007,5.592 $\pm$ 0.417,1.000 $\pm$ 0.000,344.833 $\pm$ 70.400,0.984 $\pm$ 0.009,0.097 $\pm$ 0.000
SCA,20,1,0.1,gaussian,0.852 $\pm$ 0.017,0.537 $\pm$ 0.029,0.645 $\pm$ 0.025,13.714 $\pm$ 0.779,1.000 $\pm$ 0.000,500.000 $\pm$ 0.000,0.556 $\pm$ 0.039,0.097 $\pm$ 0.000
SCA,20,1,0.1,student_t,0.849 $\pm$ 0.014,0.557 $\pm$ 0.037,0.659 $\pm$ 0.030,13.457 $\pm$ 0.779,1.000 $\pm$ 0.000,500.000 $\pm$ 0.000,0.583 $\pm$ 0.051,0.097 $\pm$ 0.000
SCA,20,1,0.1,uniform,0.848 $\pm$ 0.014,0.546 $\pm$ 0.033,0.651 $\pm$ 0.027,13.692 $\pm$ 0.725,1.000 $\pm$ 0.000,500.000 $\pm$ 0.000,0.576 $\pm$ 0.050,0.097 $\pm$ 0.000
SCA,20,1,0.25,gaussian,0.170 $\pm$ 0.073,0.027 $\pm$ 0.009,0.035 $\pm$ 0.013,24.069 $\pm$ 0.274,1.000 $\pm$ 0.000,500.000 $\pm$ 0.000,0.017 $\pm$ 0.009,0.097 $\pm$ 0.000
SCA,20,1,0.25,student_t,0.153 $\pm$ 0.068,0.028 $\pm$ 0.009,0.034 $\pm$ 0.014,24.135 $\pm$ 0.328,1.000 $\pm$ 0.000,500.000 $\pm$ 0.000,0.018 $\pm$ 0.009,0.097 $\pm$ 0.000
SCA,20,1,0.25,uniform,0.151 $\pm$ 0.063,0.027 $\pm$ 0.008,0.033 $\pm$ 0.013,24.082 $\pm$ 0.338,1.000 $\pm$ 0.000,500.000 $\pm$ 0.000,0.016 $\pm$ 0.009,0.097 $\pm$ 0.000
SCA,20,1,0.5,gaussian,0.054 $\pm$ 0.042,0.013 $\pm$ 0.006,0.013 $\pm$ 0.008,24.333 $\pm$ 0.311,1.000 $\pm$ 0.000,500.000 $\pm$ 0.000,0.004 $\pm$ 0.005,0.097 $\pm$ 0.000
SCA,20,1,0.5,student_t,0.054 $\pm$ 0.036,0.015 $\pm$ 0.004,0.013 $\pm$ 0.005,24.556 $\pm$ 0.582,1.000 $\pm$ 0.000,500.000 $\pm$ 0.000,0.006 $\pm$ 0.005,0.097 $\pm$ 0.000
SCA,20,1,0.5,uniform,0.050 $\pm$ 0.036,0.015 $\pm$ 0.005,0.012 $\pm$ 0.006,24.456 $\pm$ 0.397,1.000 $\pm$ 0.000,500.000 $\pm$ 0.000,0.004 $\pm$ 0.004,0.097 $\pm$ 0.000
SCA,20,2,0.05,gaussian,0.783 $\pm$ 0.009,0.919 $\pm$ 0.009,0.843 $\pm$ 0.007,7.015 $\pm$ 0.347,1.000 $\pm$ 0.000,494.167 $\pm$ 15.328,0.968 $\pm$ 0.018,0.097 $\pm$ 0.000
SCA,20,2,0.05,student_t,0.783 $\pm$ 0.016,0.923 $\pm$ 0.013,0.844 $\pm$ 0.013,6.947 $\pm$ 0.697,1.000 $\pm$ 0.000,496.000 $\pm$ 13.447,0.973 $\pm$ 0.015,0.097 $\pm$ 0.000
SCA,20,2,0.05,uniform,0.779 $\pm$ 0.015,0.922 $\pm$ 0.012,0.842 $\pm$ 0.012,7.054 $\pm$ 0.712,1.000 $\pm$ 0.000,479.833 $\pm$ 32.036,0.971 $\pm$ 0.016,0.097 $\pm$ 0.000
SCA,20,2,0.1,gaussian,0.678 $\pm$ 0.019,0.519 $\pm$ 0.025,0.580 $\pm$ 0.019,15.189 $\pm$ 0.598,1.000 $\pm$ 0.000,500.000 $\pm$ 0.000,0.555 $\pm$ 0.056,0.097 $\pm$ 0.000
SCA,20,2,0.1,student_t,0.677 $\pm$ 0.021,0.530 $\pm$ 0.023,0.587 $\pm$ 0.020,15.106 $\pm$ 0.790,1.000 $\pm$ 0.000,500.000 $\pm$ 0.000,0.577 $\pm$ 0.055,0.097 $\pm$ 0.000
SCA,20,2,0.1,uniform,0.684 $\pm$ 0.029,0.524 $\pm$ 0.034,0.586 $\pm$ 0.030,14.975 $\pm$ 1.110,1.000 $\pm$ 0.000,500.000 $\pm$ 0.000,0.572 $\pm$ 0.050,0.097 $\pm$ 0.000
SCA,20,2,0.25,gaussian,0.085 $\pm$ 0.025,0.024 $\pm$ 0.007,0.035 $\pm$ 0.011,25.423 $\pm$ 0.590,1.000 $\pm$ 0.000,500.000 $\pm$ 0.000,0.023 $\pm$ 0.014,0.097 $\pm$ 0.000
SCA,20,2,0.25,student_t,0.086 $\pm$ 0.031,0.025 $\pm$ 0.007,0.036 $\pm$ 0.010,25.367 $\pm$ 0.611,1.000 $\pm$ 0.000,500.000 $\pm$ 0.000,0.021 $\pm$ 0.010,0.097 $\pm$ 0.000
SCA,20,2,0.25,uniform,0.091 $\pm$ 0.026,0.025 $\pm$ 0.007,0.036 $\pm$ 0.010,25.232 $\pm$ 0.547,1.000 $\pm$ 0.000,500.000 $\pm$ 0.000,0.025 $\pm$ 0.010,0.097 $\pm$ 0.000
SCA,20,2,0.5,gaussian,0.035 $\pm$ 0.018,0.010 $\pm$ 0.005,0.014 $\pm$ 0.007,25.454 $\pm$ 0.448,1.000 $\pm$ 0.000,500.000 $\pm$ 0.000,0.009 $\pm$ 0.008,0.097 $\pm$ 0.000
SCA,20,2,0.5,student_t,0.031 $\pm$ 0.013,0.010 $\pm$ 0.003,0.013 $\pm$ 0.005,25.809 $\pm$ 0.809,1.000 $\pm$ 0.000,500.000 $\pm$ 0.000,0.009 $\pm$ 0.007,0.097 $\pm$ 0.000
SCA,20,2,0.5,uniform,0.030 $\pm$ 0.016,0.009 $\pm$ 0.004,0.012 $\pm$ 0.006,25.609 $\pm$ 0.577,1.000 $\pm$ 0.000,500.000 $\pm$ 0.000,0.007 $\pm$ 0.004,0.097 $\pm$ 0.000
SCA,20,4,0.05,gaussian,0.402 $\pm$ 0.013,0.890 $\pm$ 0.014,0.551 $\pm$ 0.014,28.267 $\pm$ 1.243,1.000 $\pm$ 0.000,500.000 $\pm$ 0.000,0.935 $\pm$ 0.015,0.097 $\pm$ 0.000
SCA,20,4,0.05,student_t,0.405 $\pm$ 0.010,0.893 $\pm$ 0.012,0.553 $\pm$ 0.009,28.082 $\pm$ 1.035,1.000 $\pm$ 0.000,500.000 $\pm$ 0.000,0.944 $\pm$ 0.016,0.097 $\pm$ 0.000
SCA,20,4,0.05,uniform,0.408 $\pm$ 0.012,0.893 $\pm$ 0.015,0.556 $\pm$ 0.010,27.834 $\pm$ 1.137,1.000 $\pm$ 0.000,500.000 $\pm$ 0.000,0.943 $\pm$ 0.018,0.097 $\pm$ 0.000
SCA,20,4,0.1,gaussian,0.271 $\pm$ 0.011,0.506 $\pm$ 0.022,0.350 $\pm$ 0.013,36.803 $\pm$ 1.149,1.000 $\pm$ 0.000,500.000 $\pm$ 0.000,0.527 $\pm$ 0.041,0.097 $\pm$ 0.000
SCA,20,4,0.1,student_t,0.272 $\pm$ 0.013,0.510 $\pm$ 0.029,0.353 $\pm$ 0.017,36.779 $\pm$ 1.072,1.000 $\pm$ 0.000,500.000 $\pm$ 0.000,0.540 $\pm$ 0.041,0.097 $\pm$ 0.000
SCA,20,4,0.1,uniform,0.274 $\pm$ 0.013,0.507 $\pm$ 0.027,0.353 $\pm$ 0.016,36.304 $\pm$ 1.288,1.000 $\pm$ 0.000,500.000 $\pm$ 0.000,0.546 $\pm$ 0.033,0.097 $\pm$ 0.000
SCA,20,4,0.25,gaussian,0.029 $\pm$ 0.007,0.041 $\pm$ 0.009,0.034 $\pm$ 0.008,46.678 $\pm$ 0.894,1.000 $\pm$ 0.000,500.000 $\pm$ 0.000,0.041 $\pm$ 0.015,0.097 $\pm$ 0.000
SCA,20,4,0.25,student_t,0.030 $\pm$ 0.006,0.043 $\pm$ 0.009,0.035 $\pm$ 0.007,46.513 $\pm$ 0.949,1.000 $\pm$ 0.000,500.000 $\pm$ 0.000,0.045 $\pm$ 0.016,0.097 $\pm$ 0.000
SCA,20,4,0.25,uniform,0.029 $\pm$ 0.007,0.041 $\pm$ 0.010,0.033 $\pm$ 0.008,46.352 $\pm$ 1.358,1.000 $\pm$ 0.000,500.000 $\pm$ 0.000,0.040 $\pm$ 0.017,0.097 $\pm$ 0.000
SCA,20,4,0.5,gaussian,0.015 $\pm$ 0.003,0.021 $\pm$ 0.004,0.017 $\pm$ 0.004,46.931 $\pm$ 0.963,1.000 $\pm$ 0.000,500.000 $\pm$ 0.000,0.019 $\pm$ 0.009,0.097 $\pm$ 0.000
SCA,20,4,0.5,student_t,0.014 $\pm$ 0.003,0.020 $\pm$ 0.005,0.016 $\pm$ 0.004,46.840 $\pm$ 1.163,1.000 $\pm$ 0.000,500.000 $\pm$ 0.000,0.019 $\pm$ 0.009,0.097 $\pm$ 0.000
SCA,20,4,0.5,uniform,0.013 $\pm$ 0.004,0.018 $\pm$ 0.006,0.015 $\pm$ 0.005,46.858 $\pm$ 1.219,1.000 $\pm$ 0.000,500.000 $\pm$ 0.000,0.017 $\pm$ 0.010,0.097 $\pm$ 0.000
SCA,50,1,0.05,gaussian,0.737 $\pm$ 0.007,0.921 $\pm$ 0.005,0.817 $\pm$ 0.004,20.358 $\pm$ 0.959,1.000 $\pm$ 0.000,500.000 $\pm$ 0.000,0.968 $\pm$ 0.007,0.097 $\pm$ 0.000
SCA,50,1,0.05,student_t,0.740 $\pm$ 0.006,0.921 $\pm$ 0.007,0.819 $\pm$ 0.004,20.392 $\pm$ 1.301,1.000 $\pm$ 0.000,500.000 $\pm$ 0.000,0.962 $\pm$ 0.010,0.097 $\pm$ 0.000
SCA,50,1,0.05,uniform,0.740 $\pm$ 0.005,0.922 $\pm$ 0.005,0.819 $\pm$ 0.004,20.463 $\pm$ 1.327,1.000 $\pm$ 0.000,500.000 $\pm$ 0.000,0.966 $\pm$ 0.009,0.097 $\pm$ 0.000
SCA,50,1,0.1,gaussian,0.591 $\pm$ 0.015,0.524 $\pm$ 0.020,0.553 $\pm$ 0.016,42.774 $\pm$ 1.562,1.000 $\pm$ 0.000,500.000 $\pm$ 0.000,0.551 $\pm$ 0.034,0.097 $\pm$ 0.000
SCA,50,1,0.1,student_t,0.592 $\pm$ 0.010,0.523 $\pm$ 0.019,0.552 $\pm$ 0.014,42.480 $\pm$ 1.154,1.000 $\pm$ 0.000,500.000 $\pm$ 0.000,0.549 $\pm$ 0.024,0.097 $\pm$ 0.000
SCA,50,1,0.1,uniform,0.591 $\pm$ 0.014,0.518 $\pm$ 0.023,0.549 $\pm$ 0.018,42.896 $\pm$ 1.544,1.000 $\pm$ 0.000,500.000 $\pm$ 0.000,0.546 $\pm$ 0.034,0.097 $\pm$ 0.000
SCA,50,1,0.25,gaussian,0.061 $\pm$ 0.010,0.025 $\pm$ 0.004,0.035 $\pm$ 0.006,69.379 $\pm$ 1.101,1.000 $\pm$ 0.000,500.000 $\pm$ 0.000,0.026 $\pm$ 0.006,0.097 $\pm$ 0.000
SCA,50,1,0.25,student_t,0.059 $\pm$ 0.012,0.026 $\pm$ 0.006,0.035 $\pm$ 0.008,70.092 $\pm$ 1.400,1.000 $\pm$ 0.000,500.000 $\pm$ 0.000,0.025 $\pm$ 0.008,0.097 $\pm$ 0.000
SCA,50,1,0.25,uniform,0.060 $\pm$ 0.011,0.026 $\pm$ 0.005,0.035 $\pm$ 0.006,70.398 $\pm$ 2.007,1.000 $\pm$ 0.000,500.000 $\pm$ 0.000,0.025 $\pm$ 0.008,0.097 $\pm$ 0.000
SCA,50,1,0.5,gaussian,0.024 $\pm$ 0.007,0.011 $\pm$ 0.004,0.014 $\pm$ 0.004,72.263 $\pm$ 5.895,1.000 $\pm$ 0.000,500.000 $\pm$ 0.000,0.009 $\pm$ 0.004,0.097 $\pm$ 0.000
SCA,50,1,0.5,student_t,0.021 $\pm$ 0.005,0.010 $\pm$ 0.003,0.013 $\pm$ 0.003,71.779 $\pm$ 2.765,1.000 $\pm$ 0.000,500.000 $\pm$ 0.000,0.008 $\pm$ 0.004,0.097 $\pm$ 0.000
SCA,50,1,0.5,uniform,0.024 $\pm$ 0.006,0.011 $\pm$ 0.002,0.014 $\pm$ 0.003,71.519 $\pm$ 2.793,1.000 $\pm$ 0.000,500.000 $\pm$ 0.000,0.009 $\pm$ 0.003,0.097 $\pm$ 0.000
SCA,50,2,0.05,gaussian,0.246 $\pm$ 0.004,0.883 $\pm$ 0.008,0.384 $\pm$ 0.006,142.407 $\pm$ 5.097,1.000 $\pm$ 0.000,500.000 $\pm$ 0.000,0.928 $\pm$ 0.015,0.097 $\pm$ 0.000
SCA,50,2,0.05,student_t,0.246 $\pm$ 0.004,0.882 $\pm$ 0.010,0.384 $\pm$ 0.006,142.410 $\pm$ 4.999,1.000 $\pm$ 0.000,500.000 $\pm$ 0.000,0.918 $\pm$ 0.015,0.097 $\pm$ 0.000
SCA,50,2,0.05,uniform,0.246 $\pm$ 0.005,0.881 $\pm$ 0.011,0.384 $\pm$ 0.006,141.728 $\pm$ 6.384,1.000 $\pm$ 0.000,500.000 $\pm$ 0.000,0.922 $\pm$ 0.016,0.097 $\pm$ 0.000
SCA,50,2,0.1,gaussian,0.154 $\pm$ 0.005,0.515 $\pm$ 0.020,0.236 $\pm$ 0.008,167.107 $\pm$ 4.541,1.000 $\pm$ 0.000,500.000 $\pm$ 0.000,0.531 $\pm$ 0.032,0.097 $\pm$ 0.000
SCA,50,2,0.1,student_t,0.154 $\pm$ 0.005,0.515 $\pm$ 0.019,0.236 $\pm$ 0.008,168.426 $\pm$ 5.800,1.000 $\pm$ 0.000,500.000 $\pm$ 0.000,0.531 $\pm$ 0.026,0.097 $\pm$ 0.000
SCA,50,2,0.1,uniform,0.153 $\pm$ 0.005,0.510 $\pm$ 0.018,0.234 $\pm$ 0.008,168.625 $\pm$ 4.899,1.000 $\pm$ 0.000,500.000 $\pm$ 0.000,0.532 $\pm$ 0.028,0.097 $\pm$ 0.000
SCA,50,2,0.25,gaussian,0.020 $\pm$ 0.003,0.060 $\pm$ 0.008,0.029 $\pm$ 0.004,193.956 $\pm$ 5.840,1.000 $\pm$ 0.000,500.000 $\pm$ 0.000,0.060 $\pm$ 0.013,0.097 $\pm$ 0.000
SCA,50,2,0.25,student_t,0.020 $\pm$ 0.002,0.061 $\pm$ 0.007,0.030 $\pm$ 0.004,195.173 $\pm$ 5.519,1.000 $\pm$ 0.000,500.000 $\pm$ 0.000,0.061 $\pm$ 0.011,0.097 $\pm$ 0.000
SCA,50,2,0.25,uniform,0.019 $\pm$ 0.002,0.058 $\pm$ 0.007,0.029 $\pm$ 0.003,196.610 $\pm$ 8.530,1.000 $\pm$ 0.000,500.000 $\pm$ 0.000,0.056 $\pm$ 0.009,0.097 $\pm$ 0.000
SCA,50,2,0.5,gaussian,0.011 $\pm$ 0.001,0.033 $\pm$ 0.004,0.016 $\pm$ 0.002,198.018 $\pm$ 9.175,1.000 $\pm$ 0.000,500.000 $\pm$ 0.000,0.031 $\pm$ 0.006,0.097 $\pm$ 0.000
SCA,50,2,0.5,student_t,0.011 $\pm$ 0.002,0.035 $\pm$ 0.005,0.017 $\pm$ 0.002,198.508 $\pm$ 6.028,1.000 $\pm$ 0.000,500.000 $\pm$ 0.000,0.033 $\pm$ 0.006,0.097 $\pm$ 0.000
SCA,50,2,0.5,uniform,0.011 $\pm$ 0.001,0.032 $\pm$ 0.005,0.016 $\pm$ 0.002,197.423 $\pm$ 5.934,1.000 $\pm$ 0.000,500.000 $\pm$ 0.000,0.031 $\pm$ 0.006,0.097 $\pm$ 0.000
SCA,50,4,0.05,gaussian,0.067 $\pm$ 0.003,0.751 $\pm$ 0.017,0.121 $\pm$ 0.004,509.517 $\pm$ 12.943,0.000 $\pm$ 0.000,500.000 $\pm$ 0.000,0.847 $\pm$ 0.023,0.000 $\pm$ 0.000
SCA,50,4,0.05,student_t,0.067 $\pm$ 0.003,0.750 $\pm$ 0.018,0.122 $\pm$ 0.004,508.723 $\pm$ 14.247,0.000 $\pm$ 0.000,500.000 $\pm$ 0.000,0.842 $\pm$ 0.025,0.000 $\pm$ 0.000
SCA,50,4,0.05,uniform,0.066 $\pm$ 0.002,0.738 $\pm$ 0.017,0.119 $\pm$ 0.004,510.897 $\pm$ 14.034,0.000 $\pm$ 0.000,500.000 $\pm$ 0.000,0.833 $\pm$ 0.023,0.000 $\pm$ 0.000
SCA,50,4,0.1,gaussian,0.038 $\pm$ 0.002,0.428 $\pm$ 0.026,0.069 $\pm$ 0.004,531.045 $\pm$ 14.979,0.000 $\pm$ 0.000,500.000 $\pm$ 0.000,0.484 $\pm$ 0.039,0.000 $\pm$ 0.000
SCA,50,4,0.1,student_t,0.038 $\pm$ 0.003,0.430 $\pm$ 0.032,0.070 $\pm$ 0.006,534.057 $\pm$ 10.752,0.000 $\pm$ 0.000,500.000 $\pm$ 0.000,0.489 $\pm$ 0.044,0.000 $\pm$ 0.000
SCA,50,4,0.1,uniform,0.038 $\pm$ 0.002,0.421 $\pm$ 0.022,0.069 $\pm$ 0.004,531.855 $\pm$ 14.719,0.000 $\pm$ 0.000,500.000 $\pm$ 0.000,0.478 $\pm$ 0.029,0.000 $\pm$ 0.000
SCA,50,4,0.25,gaussian,0.008 $\pm$ 0.001,0.084 $\pm$ 0.013,0.014 $\pm$ 0.002,548.931 $\pm$ 12.034,0.000 $\pm$ 0.000,500.000 $\pm$ 0.000,0.094 $\pm$ 0.020,0.000 $\pm$ 0.000
SCA,50,4,0.25,student_t,0.007 $\pm$ 0.001,0.080 $\pm$ 0.013,0.013 $\pm$ 0.002,553.421 $\pm$ 14.902,0.000 $\pm$ 0.000,500.000 $\pm$ 0.000,0.089 $\pm$ 0.021,0.000 $\pm$ 0.000
SCA,50,4,0.25,uniform,0.008 $\pm$ 0.001,0.083 $\pm$ 0.011,0.014 $\pm$ 0.002,551.463 $\pm$ 14.172,0.000 $\pm$ 0.000,500.000 $\pm$ 0.000,0.098 $\pm$ 0.020,0.000 $\pm$ 0.000
SCA,50,4,0.5,gaussian,0.005 $\pm$ 0.001,0.053 $\pm$ 0.008,0.009 $\pm$ 0.001,556.224 $\pm$ 14.709,0.000 $\pm$ 0.000,500.000 $\pm$ 0.000,0.061 $\pm$ 0.009,0.000 $\pm$ 0.000
SCA,50,4,0.5,student_t,0.005 $\pm$ 0.001,0.052 $\pm$ 0.009,0.009 $\pm$ 0.001,552.057 $\pm$ 16.909,0.000 $\pm$ 0.000,500.000 $\pm$ 0.000,0.057 $\pm$ 0.014,0.000 $\pm$ 0.000
SCA,50,4,0.5,uniform,0.005 $\pm$ 0.001,0.053 $\pm$ 0.010,0.009 $\pm$ 0.002,556.618 $\pm$ 16.596,0.000 $\pm$ 0.000,500.000 $\pm$ 0.000,0.062 $\pm$ 0.015,0.000 $\pm$ 0.000
