method,seed,n_variables,max_lag,parameters,n_points,precision,recall,f1,shd,auroc,auprc
KGLS ridge-to-previous,0,50,4,"{""prior_strength"": 0.1, ""regression_window"": 500}",200,0.020440327573481912,0.20360000000000003,0.020273487237691745,1099.22,0.5672959548717948,0.007244501563911979
KGLS ridge-to-previous,0,50,4,"{""prior_strength"": 1.0, ""regression_window"": 500}",200,0.021221351190880474,0.19560000000000002,0.02116477141555549,996.92,0.5718503692307693,0.00824242976767518
KGLS ridge-to-previous,0,50,4,"{""prior_strength"": 0.1, ""regression_window"": 1000}",200,0.020440327573481912,0.20360000000000003,0.020273487237691745,1099.22,0.5672959548717948,0.007244501563911979
KGLS ridge-to-previous,0,50,4,"{""prior_strength"": 1.0, ""regression_window"": 1000}",200,0.021221351190880474,0.19560000000000002,0.02116477141555549,996.92,0.5718503692307693,0.00824242976767518
RLS forgetting,0,50,4,"{""forgetting_factor"": 0.97, ""initial_covariance"": 100.0}",200,0.05017119940855272,0.2036,0.02563698681147718,1032.58,0.5696317238974359,0.007354310808854345
RLS forgetting,0,50,4,"{""forgetting_factor"": 0.99, ""initial_covariance"": 100.0}",200,0.050438085099010405,0.20239999999999994,0.025930101218047254,991.26,0.5723158646153846,0.007585381830539453
Global-rate EMA,0,50,4,"{""rate"": 0.05, ""regression_window"": 500, ""ridge_alpha"": 1.0}",200,0.0022222222222222222,0.0008,0.001176470588235294,51.02,0.5587223048205128,0.009427887948987423
Global-rate EMA,0,50,4,"{""rate"": 0.25, ""regression_window"": 500, ""ridge_alpha"": 1.0}",200,0.06338946834436522,0.09840000000000003,0.022006949241502306,317.16,0.5810200791794872,0.010629972753614362
Global-rate EMA,0,50,4,"{""rate"": 0.05, ""regression_window"": 1000, ""ridge_alpha"": 1.0}",200,0.0022222222222222222,0.0008,0.001176470588235294,51.02,0.5587223048205128,0.009427887948987423
Global-rate EMA,0,50,4,"{""rate"": 0.25, ""regression_window"": 1000, ""ridge_alpha"": 1.0}",200,0.06338946834436522,0.09840000000000003,0.022006949241502306,317.16,0.5810200791794872,0.010629972753614362
