seed,n_variables,max_lag,window_multiplier,ridge_alpha,persistence_decay,deviation_scale,regression_window,detection_window,threshold,null_far,precision,recall,f1,shd,adaptation_delay,stable_edge_recall,stable_edge_preservation,per_edge_delay,per_edge_delay_censor_rate,auroc,auprc,change_detection_rate,false_alarm_rate
0,50,4,2.5,0.1,0.9,0.05,500,250,0.8707878589630128,0.04988888888888889,0.8393953155343926,0.47773584905660377,0.6000686806616318,28.11320754716981,500.0,0.5571428571428573,0.5571428571428573,343.3333333333333,0.5,0.9371139962209382,0.7144167730682127,1.0,0.002857142857142857
1,50,4,2.5,0.1,0.9,0.05,500,250,0.8707878589630128,0.04988888888888889,0.8092792866955038,0.4683018867924529,0.5804639092295754,30.20754716981132,500.0,0.5454421768707483,0.5454421768707483,333.3333333333333,0.6666666666666666,0.9397565477266296,0.6765344928877469,0.3333333333333333,0.0074285714285714285
2,50,4,2.5,0.1,0.9,0.05,500,250,0.8707878589630128,0.04988888888888889,0.8592839028188606,0.4241509433962265,0.5572584660176635,30.39622641509434,500.0,0.49945578231292515,0.49945578231292515,245.0,0.3333333333333333,0.9400811012222617,0.7039398564772951,0.6666666666666666,0.0034285714285714284
3,50,4,2.5,0.1,0.9,0.05,500,250,0.8707878589630128,0.04988888888888889,0.8634539991770758,0.5128301886792453,0.635861793795511,25.71698113207547,500.0,0.6061224489795919,0.6061224489795919,250.0,0.5,0.9444899657693677,0.7758383541002187,1.0,0.002285714285714286
4,50,4,2.5,0.1,0.9,0.05,500,250,0.8707878589630128,0.04988888888888889,0.8537928587485437,0.5309433962264151,0.6455694851294552,25.60377358490566,500.0,0.5979591836734693,0.5979591836734693,346.6666666666667,0.5,0.9490395841206378,0.7451586299889552,0.6666666666666666,0.004285714285714286
5,50,4,2.5,0.1,0.9,0.05,500,250,0.8707878589630128,0.04988888888888889,0.8139701385576442,0.4626415094339624,0.584096365943654,29.660377358490567,500.0,0.5099319727891157,0.5099319727891157,303.3333333333333,0.3333333333333333,0.9370476643754964,0.6859753290078323,1.0,0.0054285714285714284
6,50,4,2.5,0.1,0.9,0.05,500,250,0.8707878589630128,0.04988888888888889,0.7704941915372647,0.4339622641509434,0.5452072973889025,32.39622641509434,500.0,0.5048979591836734,0.5048979591836734,441.6666666666667,0.6666666666666666,0.9342054907759856,0.6376055550880771,1.0,0.004571428571428572
7,50,4,2.5,0.1,0.9,0.05,500,250,0.8707878589630128,0.04988888888888889,0.8231208661870842,0.4245283018867925,0.5541128645027544,31.18867924528302,500.0,0.5004081632653062,0.5004081632653062,275.0,0.5,0.9444165270969685,0.6866624524021765,1.0,0.004571428571428572
8,50,4,2.5,0.1,0.9,0.05,500,250,0.8707878589630128,0.04988888888888889,0.8632879577335569,0.5041509433962266,0.6283070932757795,26.18867924528302,500.0,0.5825850340136055,0.5825850340136055,306.6666666666667,0.5,0.9387650219532455,0.737633596427206,1.0,0.004
9,50,4,2.5,0.1,0.9,0.05,500,250,0.8707878589630128,0.04988888888888889,0.8434150635061435,0.4566037735849055,0.5818075539964718,28.79245283018868,500.0,0.5459863945578233,0.5459863945578233,340.0,0.5,0.9427880665626055,0.7313681782607924,0.6666666666666666,0.002857142857142857
10,50,4,2.5,0.1,0.9,0.05,500,250,0.8707878589630128,0.04988888888888889,0.7773203517647891,0.45924528301886797,0.5684233495332423,31.264150943396228,500.0,0.5699319727891157,0.5699319727891157,303.3333333333333,0.5,0.9441613663042784,0.6765897419235862,1.0,0.0074285714285714285
11,50,4,2.5,0.1,0.9,0.05,500,250,0.8707878589630128,0.04988888888888889,0.8163451793359496,0.4271698113207548,0.551860122912123,30.88679245283019,500.0,0.4786394557823129,0.4786394557823129,303.3333333333333,0.5,0.9350479418718223,0.6760766190805229,1.0,0.0037142857142857142
12,50,4,2.5,0.1,0.9,0.05,500,250,0.8707878589630128,0.04988888888888889,0.8230383684857484,0.4516981132075472,0.5755199117069721,30.49056603773585,500.0,0.5172789115646258,0.5172789115646258,401.6666666666667,0.5,0.9383222740093655,0.6662723397658563,0.6666666666666666,0.006571428571428572
13,50,4,2.5,0.1,0.9,0.05,500,250,0.8707878589630128,0.04988888888888889,0.7631150490193982,0.45547169811320753,0.557402133461105,32.320754716981135,500.0,0.5296598639455783,0.5296598639455783,250.0,0.5,0.9401126631431935,0.6376532254417185,1.0,0.0074285714285714285
14,50,4,2.5,0.1,0.9,0.05,500,250,0.8707878589630128,0.04988888888888889,0.7885658342859949,0.4581132075471698,0.5663388806913731,31.49056603773585,500.0,0.5306122448979592,0.5306122448979592,285.0,0.3333333333333333,0.9427214228989238,0.652789773448929,0.6666666666666666,0.004571428571428572
15,50,4,2.5,0.1,0.9,0.05,500,250,0.8707878589630128,0.04988888888888889,0.8149619344878847,0.4226415094339623,0.5474497450463504,31.28301886792453,500.0,0.47850340136054426,0.47850340136054426,340.0,0.5,0.9326098368796268,0.6672542632705474,1.0,0.004285714285714286
16,50,4,2.5,0.1,0.9,0.05,500,250,0.8707878589630128,0.04988888888888889,0.819806528747493,0.44415094339622646,0.5641944092421849,30.132075471698112,500.0,0.5556462585034013,0.5556462585034013,333.3333333333333,0.5,0.9413863307500616,0.6962799207084089,0.6666666666666666,0.0025714285714285713
17,50,4,2.5,0.1,0.9,0.05,500,250,0.8707878589630128,0.04988888888888889,0.8522434498625978,0.47094339622641523,0.5971585379036551,28.32075471698113,500.0,0.5789115646258504,0.5789115646258504,353.3333333333333,0.5,0.9475105249609771,0.7309328509290839,1.0,0.0014285714285714286
18,50,4,2.5,0.1,0.9,0.05,500,250,0.8707878589630128,0.04988888888888889,0.8239871260411116,0.4656603773584905,0.5901803354965319,28.867924528301888,500.0,0.5801360544217687,0.5801360544217687,316.6666666666667,0.5,0.9409371832297286,0.7347737440229104,1.0,0.0037142857142857142
19,50,4,2.5,0.1,0.9,0.05,500,250,0.8707878589630128,0.04988888888888889,0.7769294910040496,0.4173584905660378,0.5278704603905857,32.716981132075475,500.0,0.4964625850340136,0.4964625850340136,346.6666666666667,0.3333333333333333,0.9351381482597146,0.6403860758772077,1.0,0.004
0,50,4,2.5,0.1,0.97,0.1,500,250,0.8707878589630128,0.04988888888888889,0.8842894048971033,0.45924528301886797,0.5969995642154944,27.528301886792452,500.0,0.5346938775510205,0.5346938775510205,340.0,0.5,0.9413712641600716,0.7853186111845941,1.0,0.002857142857142857
1,50,4,2.5,0.1,0.97,0.1,500,250,0.8707878589630128,0.04988888888888889,0.8592070716744173,0.4509433962264152,0.5848312100745805,28.660377358490567,500.0,0.529795918367347,0.529795918367347,333.3333333333333,0.6666666666666666,0.9462661317559858,0.7672180861178423,0.3333333333333333,0.0074285714285714285
2,50,4,2.5,0.1,0.97,0.1,500,250,0.8707878589630128,0.04988888888888889,0.9039732371356655,0.4215094339622642,0.563684579449672,29.245283018867923,500.0,0.48666666666666664,0.48666666666666664,250.0,0.5,0.9446655782238409,0.7748625467046094,0.6666666666666666,0.0034285714285714284
3,50,4,2.5,0.1,0.97,0.1,500,250,0.8707878589630128,0.04988888888888889,0.893092200938655,0.4969811320754718,0.6291363718708805,25.547169811320753,500.0,0.593469387755102,0.593469387755102,250.0,0.5,0.9463581024363082,0.8127549836621323,1.0,0.002285714285714286
4,50,4,2.5,0.1,0.97,0.1,500,250,0.8707878589630128,0.04988888888888889,0.8975743739646507,0.5222641509433962,0.6491224915842458,24.528301886792452,500.0,0.5829931972789115,0.5829931972789115,333.3333333333333,0.5,0.9526278883807542,0.8088812253230826,0.6666666666666666,0.004285714285714286
5,50,4,2.5,0.1,0.97,0.1,500,250,0.8707878589630128,0.04988888888888889,0.8864165258708554,0.4516981132075472,0.5935821219585561,27.90566037735849,500.0,0.4974149659863945,0.4974149659863945,266.6666666666667,0.3333333333333333,0.9429943379795711,0.7808485294500016,1.0,0.0054285714285714284
6,50,4,2.5,0.1,0.97,0.1,500,250,0.8707878589630128,0.04988888888888889,0.8523793356826099,0.41433962264150936,0.5494750636556149,30.245283018867923,500.0,0.47850340136054426,0.47850340136054426,405.0,0.6666666666666666,0.9423743878193718,0.7514532983211607,1.0,0.004571428571428572
7,50,4,2.5,0.1,0.97,0.1,500,250,0.8707878589630128,0.04988888888888889,0.8809895544345773,0.40603773584905667,0.5513248636793326,30.264150943396228,500.0,0.4789115646258504,0.4789115646258504,266.6666666666667,0.5,0.9492833387189528,0.7886158390017849,1.0,0.004571428571428572
8,50,4,2.5,0.1,0.97,0.1,500,250,0.8707878589630128,0.04988888888888889,0.8909591775712753,0.48641509433962266,0.618260857479408,26.11320754716981,500.0,0.5489795918367347,0.5489795918367347,305.0,0.5,0.9430019603654919,0.7934719616991821,1.0,0.004
9,50,4,2.5,0.1,0.97,0.1,500,250,0.8707878589630128,0.04988888888888889,0.8747985952389331,0.4513207547169811,0.5835223772154603,28.11320754716981,500.0,0.5329251700680272,0.5329251700680272,340.0,0.5,0.9459537106918239,0.7849825418515387,0.6666666666666666,0.002857142857142857
10,50,4,2.5,0.1,0.97,0.1,500,250,0.8707878589630128,0.04988888888888889,0.8697897385633235,0.44339622641509435,0.5802067323606165,28.641509433962263,500.0,0.5463945578231293,0.5463945578231293,291.6666666666667,0.5,0.9492327715858367,0.7969200565021015,1.0,0.0074285714285714285
11,50,4,2.5,0.1,0.97,0.1,500,250,0.8707878589630128,0.04988888888888889,0.8708632554144384,0.41509433962264153,0.5542865193247914,29.81132075471698,500.0,0.4648979591836735,0.4648979591836735,301.6666666666667,0.5,0.9393492378892023,0.7441802162966904,1.0,0.0037142857142857142
12,50,4,2.5,0.1,0.97,0.1,500,250,0.8707878589630128,0.04988888888888889,0.894071352482398,0.42754716981132085,0.5728642355740139,29.339622641509433,500.0,0.4983673469387755,0.4983673469387755,411.6666666666667,0.5,0.94372758769888,0.7559545836304766,0.6666666666666666,0.006571428571428572
13,50,4,2.5,0.1,0.97,0.1,500,250,0.8707878589630128,0.04988888888888889,0.8746659724001697,0.4516981132075472,0.5876511815177301,28.18867924528302,500.0,0.5272108843537414,0.5272108843537414,250.0,0.5,0.9475963878011154,0.7727583413975577,1.0,0.0074285714285714285
14,50,4,2.5,0.1,0.97,0.1,500,250,0.8707878589630128,0.04988888888888889,0.8825557930580128,0.440754716981132,0.5780758795675476,28.735849056603772,500.0,0.4948299319727891,0.4948299319727891,298.3333333333333,0.5,0.9485196144261577,0.7720062568805144,0.6666666666666666,0.004571428571428572
15,50,4,2.5,0.1,0.97,0.1,500,250,0.8707878589630128,0.04988888888888889,0.8692969326150848,0.40641509433962264,0.5478114667847181,30.358490566037737,500.0,0.45265306122448984,0.45265306122448984,348.3333333333333,0.5,0.9384982972314264,0.770333672625963,1.0,0.004285714285714286
16,50,4,2.5,0.1,0.97,0.1,500,250,0.8707878589630128,0.04988888888888889,0.8682962007092977,0.4347169811320755,0.5671025305137636,28.943396226415093,500.0,0.5325170068027211,0.5325170068027211,255.0,0.5,0.9450546185794744,0.7683288997078628,0.6666666666666666,0.0025714285714285713
17,50,4,2.5,0.1,0.97,0.1,500,250,0.8707878589630128,0.04988888888888889,0.8855874488214412,0.46113207547169804,0.5984921890858905,27.60377358490566,500.0,0.5651700680272108,0.5651700680272108,360.0,0.5,0.9512794826154028,0.7996877859836903,1.0,0.0014285714285714286
18,50,4,2.5,0.1,0.97,0.1,500,250,0.8707878589630128,0.04988888888888889,0.8735981000131944,0.4566037735849057,0.5911800650459594,27.67924528301887,500.0,0.5612244897959183,0.5612244897959183,250.0,0.5,0.9448362472273187,0.7939593018082439,1.0,0.0037142857142857142
19,50,4,2.5,0.1,0.97,0.1,500,250,0.8707878589630128,0.04988888888888889,0.8590709827744563,0.40490566037735864,0.5370511646159817,30.547169811320753,500.0,0.46544217687074835,0.46544217687074835,370.0,0.5,0.940671853292074,0.7371193570300412,1.0,0.004
0,50,4,2.5,1.0,0.9,0.1,500,250,0.7815135121345521,0.04988888888888889,0.8878497833249535,0.46075471698113213,0.5940855077003758,27.754716981132077,500.0,0.5280272108843538,0.5280272108843538,335.0,0.5,0.942458124891603,0.7768664470958967,1.0,0.0037142857142857142
1,50,4,2.5,1.0,0.9,0.1,500,250,0.7815135121345521,0.04988888888888889,0.8656381542694971,0.44981132075471714,0.5845232166874443,28.452830188679247,500.0,0.5303401360544218,0.5303401360544218,333.3333333333333,0.6666666666666666,0.9464133318728264,0.7778486562906896,0.6666666666666666,0.006
2,50,4,2.5,1.0,0.9,0.1,500,250,0.7815135121345521,0.04988888888888889,0.9096848303014358,0.41622641509433966,0.5562916713925651,29.641509433962263,500.0,0.4874829931972789,0.4874829931972789,250.0,0.5,0.9431158539858149,0.7654019281764383,0.6666666666666666,0.005142857142857143
3,50,4,2.5,1.0,0.9,0.1,500,250,0.7815135121345521,0.04988888888888889,0.8839450531259565,0.48830188679245295,0.6183777375801217,26.0,500.0,0.5878911564625849,0.5878911564625849,250.0,0.5,0.946595294611642,0.8108731901082384,1.0,0.0034285714285714284
4,50,4,2.5,1.0,0.9,0.1,500,250,0.7815135121345521,0.04988888888888889,0.8938814118703845,0.5079245283018868,0.6343865921248449,25.18867924528302,500.0,0.5715646258503401,0.5715646258503401,333.3333333333333,0.5,0.9524641746766346,0.8051963515219568,0.6666666666666666,0.004285714285714286
5,50,4,2.5,1.0,0.9,0.1,500,250,0.7815135121345521,0.04988888888888889,0.8776479397531876,0.4449056603773585,0.5833853137160917,28.37735849056604,500.0,0.4940136054421769,0.4940136054421769,265.0,0.3333333333333333,0.9427103752590118,0.7737915937691867,1.0,0.004
6,50,4,2.5,1.0,0.9,0.1,500,250,0.7815135121345521,0.04988888888888889,0.8525567607447645,0.4109433962264151,0.5440094892008319,30.339622641509433,500.0,0.47360544217687073,0.47360544217687073,405.0,0.6666666666666666,0.9425552643061222,0.7482840119593287,1.0,0.005142857142857143
7,50,4,2.5,1.0,0.9,0.1,500,250,0.7815135121345521,0.04988888888888889,0.8786008096580641,0.4015094339622642,0.5455046941378847,30.32075471698113,500.0,0.47551020408163264,0.47551020408163264,265.0,0.5,0.9505321503226808,0.7833743552070098,1.0,0.0034285714285714284
8,50,4,2.5,1.0,0.9,0.1,500,250,0.7815135121345521,0.04988888888888889,0.8888708496859528,0.48226415094339636,0.6136075448227787,26.41509433962264,500.0,0.5506122448979592,0.5506122448979592,306.6666666666667,0.5,0.9428393449626201,0.792776874918165,1.0,0.004
9,50,4,2.5,1.0,0.9,0.1,500,250,0.7815135121345521,0.04988888888888889,0.8791252588466458,0.4471698113207546,0.5789935287372722,28.169811320754718,500.0,0.5248979591836734,0.5248979591836734,340.0,0.5,0.944844342087247,0.7891260141144096,0.6666666666666666,0.0025714285714285713
10,50,4,2.5,1.0,0.9,0.1,500,250,0.7815135121345521,0.04988888888888889,0.857136148569135,0.4339622641509434,0.5671496625602329,29.37735849056604,500.0,0.5359183673469388,0.5359183673469388,290.0,0.5,0.9492386263931867,0.7897510868133374,0.6666666666666666,0.006571428571428572
11,50,4,2.5,1.0,0.9,0.1,500,250,0.7815135121345521,0.04988888888888889,0.8746908066032348,0.4064150943396227,0.5450667873585691,30.07547169811321,500.0,0.4593197278911565,0.4593197278911565,291.6666666666667,0.5,0.939307472501392,0.7471116351047083,1.0,0.0037142857142857142
12,50,4,2.5,1.0,0.9,0.1,500,250,0.7815135121345521,0.04988888888888889,0.9002465028122723,0.42603773584905663,0.5693478159459777,29.50943396226415,500.0,0.49782312925170064,0.49782312925170064,411.6666666666667,0.5,0.9437122940000547,0.7522778486117653,0.6666666666666666,0.006285714285714286
13,50,4,2.5,1.0,0.9,0.1,500,250,0.7815135121345521,0.04988888888888889,0.8602476519010425,0.44792452830188684,0.5785048948579914,29.09433962264151,500.0,0.5212244897959183,0.5212244897959183,250.0,0.5,0.9470993853091254,0.7512959569315678,1.0,0.007714285714285714
14,50,4,2.5,1.0,0.9,0.1,500,250,0.7815135121345521,0.04988888888888889,0.900294613746301,0.44679245283018865,0.5855923884244695,28.132075471698112,500.0,0.503673469387755,0.503673469387755,298.3333333333333,0.5,0.9486109030497212,0.776026683868173,0.6666666666666666,0.004571428571428572
15,50,4,2.5,1.0,0.9,0.1,500,250,0.7815135121345521,0.04988888888888889,0.8742951346106843,0.40528301886792456,0.5466083968483006,30.150943396226417,500.0,0.45034013605442186,0.45034013605442186,346.6666666666667,0.5,0.9397292702029192,0.7804351904722429,1.0,0.002857142857142857
16,50,4,2.5,1.0,0.9,0.1,500,250,0.7815135121345521,0.04988888888888889,0.8706888121949994,0.42943396226415104,0.5616653834375379,29.11320754716981,500.0,0.5263945578231293,0.5263945578231293,258.3333333333333,0.5,0.9446858314392383,0.7666660486489708,1.0,0.0025714285714285713
17,50,4,2.5,1.0,0.9,0.1,500,250,0.7815135121345521,0.04988888888888889,0.8998529354750892,0.4600000000000001,0.5977454575098847,27.547169811320753,500.0,0.56,0.56,353.3333333333333,0.5,0.9508446035179962,0.7945743238783473,1.0,0.0025714285714285713
18,50,4,2.5,1.0,0.9,0.1,500,250,0.7815135121345521,0.04988888888888889,0.8702649642764492,0.4498113207547169,0.5845167803909989,27.79245283018868,500.0,0.5507482993197278,0.5507482993197278,250.0,0.5,0.9453474944089967,0.8004877775214966,1.0,0.003142857142857143
19,50,4,2.5,1.0,0.9,0.1,500,250,0.7815135121345521,0.04988888888888889,0.8436817329170649,0.40641509433962264,0.5352997241120419,30.67924528301887,500.0,0.4648979591836735,0.4648979591836735,370.0,0.5,0.9401216814086589,0.7297280535606611,1.0,0.005142857142857143
0,50,4,2.5,1.0,0.97,0.05,500,250,0.7815135121345521,0.04988888888888889,0.8723475804851553,0.479622641509434,0.6055031796419401,27.37735849056604,500.0,0.5502040816326531,0.5502040816326531,330.0,0.5,0.939525990634499,0.737403463108165,1.0,0.0037142857142857142
1,50,4,2.5,1.0,0.97,0.05,500,250,0.7815135121345521,0.04988888888888889,0.8496799092433912,0.4592452830188681,0.5884292041160952,28.566037735849058,500.0,0.5421768707482993,0.5421768707482993,333.3333333333333,0.6666666666666666,0.9435804934687954,0.7467161450848795,0.6666666666666666,0.006
2,50,4,2.5,1.0,0.97,0.05,500,250,0.7815135121345521,0.04988888888888889,0.8845578916422288,0.429056603773585,0.5636561215790176,29.754716981132077,500.0,0.5058503401360545,0.5058503401360545,250.0,0.5,0.9405875159514746,0.7270625676465086,0.6666666666666666,0.005142857142857143
3,50,4,2.5,1.0,0.97,0.05,500,250,0.7815135121345521,0.04988888888888889,0.8699861409299009,0.5022641509433964,0.6275258943706719,25.754716981132077,500.0,0.6024489795918367,0.6024489795918367,250.0,0.5,0.9450901388394446,0.7885181227039183,1.0,0.0034285714285714284
4,50,4,2.5,1.0,0.97,0.05,500,250,0.7815135121345521,0.04988888888888889,0.8798510455762701,0.5154716981132075,0.6378655637248009,25.264150943396228,500.0,0.5880272108843537,0.5880272108843537,348.3333333333333,0.5,0.950423567835985,0.7731094544454893,0.6666666666666666,0.004285714285714286
5,50,4,2.5,1.0,0.97,0.05,500,250,0.7815135121345521,0.04988888888888889,0.8593709008178978,0.4509433962264152,0.5834859338215015,28.67924528301887,500.0,0.5034013605442177,0.5034013605442177,300.0,0.3333333333333333,0.9394305344542725,0.7367531167967057,1.0,0.004
6,50,4,2.5,1.0,0.97,0.05,500,250,0.7815135121345521,0.04988888888888889,0.8363655831268694,0.42679245283018863,0.5551701267192785,30.11320754716981,500.0,0.49782312925170064,0.49782312925170064,431.6666666666667,0.6666666666666666,0.9388089423191025,0.7008362916851685,1.0,0.005142857142857143
7,50,4,2.5,1.0,0.97,0.05,500,250,0.7815135121345521,0.04988888888888889,0.8673228923022239,0.40981132075471693,0.5514196010500604,30.20754716981132,500.0,0.4872108843537415,0.4872108843537415,273.3333333333333,0.5,0.9483350742576517,0.7471775286937413,1.0,0.0034285714285714284
8,50,4,2.5,1.0,0.97,0.05,500,250,0.7815135121345521,0.04988888888888889,0.8833825784559872,0.5026415094339625,0.6318245949975031,25.660377358490567,500.0,0.5816326530612245,0.5816326530612245,303.3333333333333,0.5,0.9410800511177443,0.7702847004904063,1.0,0.004
9,50,4,2.5,1.0,0.97,0.05,500,250,0.7815135121345521,0.04988888888888889,0.8671912038880066,0.46264150943396226,0.5915058675697834,27.754716981132077,500.0,0.5545578231292517,0.5545578231292517,338.3333333333333,0.5,0.943194198136028,0.7642373762753352,0.6666666666666666,0.0025714285714285713
10,50,4,2.5,1.0,0.97,0.05,500,250,0.7815135121345521,0.04988888888888889,0.8325503809408381,0.44792452830188684,0.5735124468272734,29.735849056603772,500.0,0.5549659863945579,0.5549659863945579,298.3333333333333,0.5,0.9469008282900202,0.7330185749679402,0.6666666666666666,0.006571428571428572
11,50,4,2.5,1.0,0.97,0.05,500,250,0.7815135121345521,0.04988888888888889,0.8580802087259473,0.41509433962264153,0.5512430750251136,30.09433962264151,500.0,0.47659863945578235,0.47659863945578235,291.6666666666667,0.5,0.9361950667725534,0.714711408257825,1.0,0.0037142857142857142
12,50,4,2.5,1.0,0.97,0.05,500,250,0.7815135121345521,0.04988888888888889,0.8794911901498992,0.44226415094339633,0.5782996719911546,29.358490566037737,500.0,0.5063945578231293,0.5063945578231293,393.3333333333333,0.5,0.9408257184325108,0.7059961970687717,0.6666666666666666,0.006285714285714286
13,50,4,2.5,1.0,0.97,0.05,500,250,0.7815135121345521,0.04988888888888889,0.8198043642008278,0.450188679245283,0.5686934577828281,30.547169811320753,500.0,0.5244897959183673,0.5244897959183673,250.0,0.5,0.9432193579246195,0.688032576639878,1.0,0.007714285714285714
14,50,4,2.5,1.0,0.97,0.05,500,250,0.7815135121345521,0.04988888888888889,0.8733981398145924,0.45811320754716983,0.5907972675117853,28.30188679245283,500.0,0.5244897959183673,0.5244897959183673,305.0,0.5,0.9463163589561027,0.7308897550439889,0.6666666666666666,0.004571428571428572
15,50,4,2.5,1.0,0.97,0.05,500,250,0.7815135121345521,0.04988888888888889,0.8664805836829258,0.41509433962264153,0.5537167767017155,29.88679245283019,500.0,0.46312925170068026,0.46312925170068026,346.6666666666667,0.5,0.937979160025924,0.7525323495982923,1.0,0.002857142857142857
16,50,4,2.5,1.0,0.97,0.05,500,250,0.7815135121345521,0.04988888888888889,0.8530257609830038,0.44188679245283025,0.5701508630863108,29.07547169811321,500.0,0.5571428571428572,0.5571428571428572,350.0,0.5,0.9425941159825104,0.7381788497641357,1.0,0.0025714285714285713
17,50,4,2.5,1.0,0.97,0.05,500,250,0.7815135121345521,0.04988888888888889,0.8821241297892455,0.46377358490566034,0.5973682969467247,27.88679245283019,500.0,0.5657142857142857,0.5657142857142857,353.3333333333333,0.5,0.9485836014276455,0.7571383424212363,1.0,0.0025714285714285713
18,50,4,2.5,1.0,0.97,0.05,500,250,0.7815135121345521,0.04988888888888889,0.8580755938450547,0.4532075471698113,0.5864552899870409,28.037735849056602,500.0,0.5653061224489796,0.5653061224489796,256.6666666666667,0.5,0.9434047984956778,0.7726916531182003,1.0,0.003142857142857143
19,50,4,2.5,1.0,0.97,0.05,500,250,0.7815135121345521,0.04988888888888889,0.8054382696411272,0.428679245283019,0.5504903738910633,30.754716981132077,500.0,0.5087074829931972,0.5087074829931972,356.6666666666667,0.3333333333333333,0.9370296990442808,0.6824401836330061,1.0,0.005142857142857143
0,50,4,5.0,0.1,0.9,0.1,1000,500,0.3333259224891663,0.049875,0.879055186752812,0.4637735849056603,0.5992434855216598,27.32075471698113,500.0,0.5360544217687075,0.5360544217687075,380.0,0.5,0.9460648242371134,0.8222465457643744,0.6666666666666666,0.002
1,50,4,5.0,0.1,0.9,0.1,1000,500,0.3333259224891663,0.049875,0.8639675309066069,0.449056603773585,0.5846392309240179,28.528301886792452,500.0,0.5361904761904762,0.5361904761904762,250.0,0.5,0.9531599266095243,0.8111971261375472,0.6666666666666666,0.002285714285714286
2,50,4,5.0,0.1,0.9,0.1,1000,500,0.3333259224891663,0.049875,0.9092542677448338,0.40641509433962264,0.5481434689076968,29.88679245283019,500.0,0.4816326530612245,0.4816326530612245,250.0,0.5,0.95016563609643,0.8085458813636149,0.6666666666666666,0.002857142857142857
3,50,4,5.0,0.1,0.9,0.1,1000,500,0.3333259224891663,0.049875,0.8940776903041053,0.5120754716981132,0.6380379304486151,24.77358490566038,500.0,0.5702040816326531,0.5702040816326531,291.6666666666667,0.5,0.9491061503774497,0.832806218303589,0.3333333333333333,0.005142857142857143
4,50,4,5.0,0.1,0.9,0.1,1000,500,0.3333259224891663,0.049875,0.9021157856202251,0.5177358490566037,0.6471602587035264,24.60377358490566,500.0,0.5941496598639456,0.5941496598639456,345.0,0.5,0.9571454540807478,0.8433936492944081,0.6666666666666666,0.008857142857142857
5,50,4,5.0,0.1,0.9,0.1,1000,500,0.3333259224891663,0.049875,0.8848655275542069,0.4350943396226415,0.5797226867942563,28.735849056603772,500.0,0.4998639455782313,0.4998639455782313,250.0,0.5,0.9482950468731458,0.8195710257630553,0.0,0.0037142857142857142
6,50,4,5.0,0.1,0.9,0.1,1000,500,0.3333259224891663,0.049875,0.8629538312719836,0.3777358490566037,0.517443300576408,31.735849056603772,500.0,0.44761904761904764,0.44761904761904764,406.6666666666667,0.6666666666666666,0.9475056673147666,0.8060400089525787,0.3333333333333333,0.003142857142857143
7,50,4,5.0,0.1,0.9,0.1,1000,500,0.3333259224891663,0.049875,0.8840106434446057,0.4332075471698114,0.5762056612112557,28.79245283018868,500.0,0.4873469387755102,0.4873469387755102,250.0,0.5,0.9535219103431278,0.8320740997667795,0.3333333333333333,0.004
8,50,4,5.0,0.1,0.9,0.1,1000,500,0.3333259224891663,0.049875,0.8898721145668981,0.4705660377358491,0.6022298436177853,26.867924528301888,500.0,0.5462585034013605,0.5462585034013605,333.3333333333333,0.6666666666666666,0.9470421798066654,0.809733633145486,1.0,0.004857142857142857
9,50,4,5.0,0.1,0.9,0.1,1000,500,0.3333259224891663,0.049875,0.87883083724538,0.4543396226415095,0.5893403938258325,27.88679245283019,500.0,0.533469387755102,0.533469387755102,360.0,0.6666666666666666,0.9495119354455915,0.8093687395712412,0.3333333333333333,0.003142857142857143
10,50,4,5.0,0.1,0.9,0.1,1000,500,0.3333259224891663,0.049875,0.8821530670587274,0.44188679245283025,0.5811842104759413,28.32075471698113,500.0,0.5126530612244898,0.5126530612244898,250.0,0.5,0.9517917550729798,0.8335747615170138,0.3333333333333333,0.002
11,50,4,5.0,0.1,0.9,0.1,1000,500,0.3333259224891663,0.049875,0.8762837250664398,0.4116981132075471,0.5497263473434121,29.849056603773583,500.0,0.4555102040816326,0.4555102040816326,310.0,0.5,0.9439030855035554,0.7818034804017338,0.6666666666666666,0.008
12,50,4,5.0,0.1,0.9,0.1,1000,500,0.3333259224891663,0.049875,0.9004964258652235,0.3920754716981131,0.5404931207452383,30.90566037735849,500.0,0.46027210884353736,0.46027210884353736,496.6666666666667,0.8333333333333334,0.9466339852671358,0.7956470545300164,0.6666666666666666,0.003142857142857143
13,50,4,5.0,0.1,0.9,0.1,1000,500,0.3333259224891663,0.049875,0.8973045822102426,0.4543396226415094,0.5931913636549689,27.452830188679247,500.0,0.5425850340136055,0.5425850340136055,250.0,0.5,0.9505806190723955,0.8329166635590246,0.6666666666666666,0.005714285714285714
14,50,4,5.0,0.1,0.9,0.1,1000,500,0.3333259224891663,0.049875,0.8866395465077686,0.43169811320754714,0.5702759490521645,28.962264150943398,500.0,0.4873469387755102,0.4873469387755102,325.0,0.5,0.952338292119652,0.8237206606635439,0.3333333333333333,0.00028571428571428574
15,50,4,5.0,0.1,0.9,0.1,1000,500,0.3333259224891663,0.049875,0.8744248728210993,0.4290566037735849,0.5688331357763851,29.09433962264151,500.0,0.5017687074829932,0.5017687074829932,298.3333333333333,0.5,0.9445598711102592,0.8108829436898366,0.6666666666666666,0.003142857142857143
16,50,4,5.0,0.1,0.9,0.1,1000,500,0.3333259224891663,0.049875,0.8876909254267745,0.439245283018868,0.5743722918375216,28.264150943396228,500.0,0.4983673469387755,0.4983673469387755,250.0,0.5,0.9492173866053254,0.8188924071499948,0.6666666666666666,0.0037142857142857142
17,50,4,5.0,0.1,0.9,0.1,1000,500,0.3333259224891663,0.049875,0.8902300833058195,0.45660377358490556,0.5961974092049905,27.735849056603772,500.0,0.5800000000000001,0.5800000000000001,401.6666666666667,0.6666666666666666,0.9564480933994213,0.8369318622253009,0.3333333333333333,0.0
18,50,4,5.0,0.1,0.9,0.1,1000,500,0.3333259224891663,0.049875,0.8531742457706363,0.43396226415094347,0.561838318136895,29.037735849056602,500.0,0.47115646258503396,0.47115646258503396,293.3333333333333,0.5,0.9483003090797893,0.8118406082180414,0.0,0.005714285714285714
19,50,4,5.0,0.1,0.9,0.1,1000,500,0.3333259224891663,0.049875,0.8626654579267021,0.41773584905660377,0.5508897568995575,29.77358490566038,500.0,0.48925170068027213,0.48925170068027213,348.3333333333333,0.6666666666666666,0.9449478781572053,0.7767230479990572,0.6666666666666666,0.004
0,50,4,5.0,0.1,0.97,0.05,1000,500,0.3333259224891663,0.049875,0.8790112090954747,0.4618867924528302,0.5977204010956949,27.41509433962264,500.0,0.5355102040816327,0.5355102040816327,376.6666666666667,0.5,0.9460404111327144,0.8211998923116496,0.6666666666666666,0.002
1,50,4,5.0,0.1,0.97,0.05,1000,500,0.3333259224891663,0.049875,0.8640339996715978,0.45283018867924535,0.5882552670917267,28.339622641509433,500.0,0.5454421768707484,0.5454421768707484,250.0,0.5,0.9528386837180857,0.8104785431693196,0.6666666666666666,0.002285714285714286
2,50,4,5.0,0.1,0.97,0.05,1000,500,0.3333259224891663,0.049875,0.9092542677448338,0.4083018867924528,0.5498516433575925,29.79245283018868,500.0,0.4791836734693877,0.4791836734693877,250.0,0.5,0.9498262033208278,0.8057495515519542,0.6666666666666666,0.002857142857142857
3,50,4,5.0,0.1,0.97,0.05,1000,500,0.3333259224891663,0.049875,0.8940776903041053,0.5166037735849056,0.6413851016906673,24.547169811320753,500.0,0.5737414965986395,0.5737414965986395,298.3333333333333,0.5,0.9490557311206652,0.831903220491321,0.3333333333333333,0.005142857142857143
4,50,4,5.0,0.1,0.97,0.05,1000,500,0.3333259224891663,0.049875,0.90157389934027,0.5188679245283018,0.6477504649566301,24.566037735849058,500.0,0.5960544217687075,0.5960544217687075,360.0,0.5,0.957119884254822,0.8401169199373483,0.6666666666666666,0.008857142857142857
5,50,4,5.0,0.1,0.97,0.05,1000,500,0.3333259224891663,0.049875,0.8848655275542069,0.4354716981132075,0.5800454358756946,28.71698113207547,500.0,0.5001360544217687,0.5001360544217687,250.0,0.5,0.9472634433277651,0.8183616016190212,0.0,0.0037142857142857142
6,50,4,5.0,0.1,0.97,0.05,1000,500,0.3333259224891663,0.049875,0.8629538312719836,0.3883018867924528,0.5282836530272779,31.20754716981132,500.0,0.4691156462585034,0.4691156462585034,408.3333333333333,0.6666666666666666,0.9474730206022766,0.8096700042293685,0.3333333333333333,0.003142857142857143
7,50,4,5.0,0.1,0.97,0.05,1000,500,0.3333259224891663,0.049875,0.8840106434446057,0.4343396226415095,0.5772068107375624,28.735849056603772,500.0,0.48829931972789115,0.48829931972789115,250.0,0.5,0.9532753789559201,0.8317462145951954,0.3333333333333333,0.004
8,50,4,5.0,0.1,0.97,0.05,1000,500,0.3333259224891663,0.049875,0.8898711536336397,0.4732075471698113,0.6049122119539692,26.735849056603772,500.0,0.5540136054421768,0.5540136054421768,333.3333333333333,0.6666666666666666,0.9466579134832178,0.8104079265241056,1.0,0.004857142857142857
9,50,4,5.0,0.1,0.97,0.05,1000,500,0.3333259224891663,0.049875,0.878353149314862,0.4562264150943397,0.5913457968430075,27.81132075471698,500.0,0.5374149659863946,0.5374149659863946,378.3333333333333,0.6666666666666666,0.9488994714790372,0.8092990945084128,0.3333333333333333,0.003142857142857143
10,50,4,5.0,0.1,0.97,0.05,1000,500,0.3333259224891663,0.049875,0.8812954341256227,0.44150943396226416,0.58078712684173,28.358490566037737,500.0,0.5119727891156463,0.5119727891156463,265.0,0.5,0.9517281456125457,0.8320515899055664,0.3333333333333333,0.002
11,50,4,5.0,0.1,0.97,0.05,1000,500,0.3333259224891663,0.049875,0.8776655447075411,0.42452830188679247,0.5620121628617827,29.18867924528302,500.0,0.47102040816326535,0.47102040816326535,305.0,0.5,0.943385689587498,0.7822066356828197,0.6666666666666666,0.008
12,50,4,5.0,0.1,0.97,0.05,1000,500,0.3333259224891663,0.049875,0.9016815192363937,0.40075471698113196,0.5484516932926624,30.452830188679247,500.0,0.4734693877551021,0.4734693877551021,483.3333333333333,0.6666666666666666,0.9458439605297989,0.7951351418216116,0.6666666666666666,0.003142857142857143
13,50,4,5.0,0.1,0.97,0.05,1000,500,0.3333259224891663,0.049875,0.8973045822102426,0.46716981132075475,0.604599747541628,26.81132075471698,500.0,0.5595918367346938,0.5595918367346938,250.0,0.5,0.9500619207492401,0.8329128524701146,0.6666666666666666,0.005714285714285714
14,50,4,5.0,0.1,0.97,0.05,1000,500,0.3333259224891663,0.049875,0.8866395465077686,0.4316981132075472,0.5702759490521645,28.962264150943398,500.0,0.48653061224489796,0.48653061224489796,325.0,0.5,0.9522300327701253,0.823191250873817,0.3333333333333333,0.00028571428571428574
15,50,4,5.0,0.1,0.97,0.05,1000,500,0.3333259224891663,0.049875,0.8724380231927402,0.4343396226415094,0.5729711696729618,28.88679245283019,500.0,0.5021768707482993,0.5021768707482993,301.6666666666667,0.5,0.94384173289153,0.8102896752662339,0.6666666666666666,0.003142857142857143
16,50,4,5.0,0.1,0.97,0.05,1000,500,0.3333259224891663,0.049875,0.8870619946091644,0.44188679245283025,0.5765206732591821,28.150943396226417,500.0,0.5010884353741497,0.5010884353741497,250.0,0.5,0.9490273709961571,0.817332725799555,0.6666666666666666,0.0037142857142857142
17,50,4,5.0,0.1,0.97,0.05,1000,500,0.3333259224891663,0.049875,0.8902300833058195,0.45660377358490556,0.5961974092049905,27.735849056603772,500.0,0.5800000000000001,0.5800000000000001,401.6666666666667,0.6666666666666666,0.9564285025239386,0.8369000868856113,0.3333333333333333,0.0
18,50,4,5.0,0.1,0.97,0.05,1000,500,0.3333259224891663,0.049875,0.8524195287895041,0.4347169811320755,0.562095594774754,29.0188679245283,500.0,0.47142857142857136,0.47142857142857136,308.3333333333333,0.5,0.9478232468895765,0.8099452270350659,0.0,0.005714285714285714
19,50,4,5.0,0.1,0.97,0.05,1000,500,0.3333259224891663,0.049875,0.8607808176827475,0.4271698113207547,0.5588855539348443,29.358490566037737,500.0,0.49496598639455786,0.49496598639455786,348.3333333333333,0.6666666666666666,0.9443262213946017,0.7745729370587726,0.6666666666666666,0.004
0,50,4,5.0,1.0,0.9,0.05,1000,500,0.33141094446182257,0.049875,0.9013981512937375,0.45509433962264145,0.5914054534188814,27.50943396226415,500.0,0.5284353741496599,0.5284353741496599,376.6666666666667,0.5,0.94747647141514,0.8345778091180925,0.6666666666666666,0.002
1,50,4,5.0,1.0,0.9,0.05,1000,500,0.33141094446182257,0.049875,0.869977713049703,0.449433962264151,0.5847627061472065,28.132075471698112,500.0,0.5428571428571428,0.5428571428571428,250.0,0.5,0.953127580396345,0.8265406626525744,0.6666666666666666,0.002285714285714286
2,50,4,5.0,1.0,0.9,0.05,1000,500,0.33141094446182257,0.049875,0.9276729559748427,0.40528301886792456,0.5468727824563575,29.77358490566038,500.0,0.47360544217687073,0.47360544217687073,250.0,0.5,0.949013952953419,0.8190005582685785,0.6666666666666666,0.002857142857142857
3,50,4,5.0,1.0,0.9,0.05,1000,500,0.33141094446182257,0.049875,0.8910201608314815,0.5094339622641509,0.6330196975338998,24.735849056603772,500.0,0.5707482993197278,0.5707482993197278,298.3333333333333,0.5,0.9495597732562916,0.8449413100285734,0.3333333333333333,0.0054285714285714284
4,50,4,5.0,1.0,0.9,0.05,1000,500,0.33141094446182257,0.049875,0.900652405924326,0.5150943396226415,0.6437790462231688,24.60377358490566,500.0,0.5937414965986395,0.5937414965986395,368.3333333333333,0.5,0.9574440507161048,0.8483827171371696,0.6666666666666666,0.009142857142857144
5,50,4,5.0,1.0,0.9,0.05,1000,500,0.33141094446182257,0.049875,0.8865406605972644,0.4283018867924529,0.5726277798543812,28.88679245283019,500.0,0.4963265306122449,0.4963265306122449,250.0,0.5,0.94749836076348,0.8311076171443353,0.0,0.0037142857142857142
6,50,4,5.0,1.0,0.9,0.05,1000,500,0.33141094446182257,0.049875,0.8611736185032556,0.3788679245283018,0.5169491765269572,31.49056603773585,500.0,0.4560544217687075,0.4560544217687075,408.3333333333333,0.6666666666666666,0.9481027853693713,0.8248246375489948,0.3333333333333333,0.003142857142857143
7,50,4,5.0,1.0,0.9,0.05,1000,500,0.33141094446182257,0.049875,0.8840670859538784,0.4301886792452831,0.5726248921747222,28.67924528301887,500.0,0.4848979591836735,0.4848979591836735,250.0,0.5,0.9549443817034988,0.8470917106306376,0.3333333333333333,0.004
8,50,4,5.0,1.0,0.9,0.05,1000,500,0.33141094446182257,0.049875,0.8934564048604003,0.4690566037735849,0.6002625874375594,26.849056603773583,500.0,0.55156462585034,0.55156462585034,333.3333333333333,0.6666666666666666,0.9466889671477211,0.8214636302495923,1.0,0.004857142857142857
9,50,4,5.0,1.0,0.9,0.05,1000,500,0.33141094446182257,0.049875,0.8880751359236408,0.4467924528301888,0.5812903655936434,27.962264150943398,500.0,0.5336054421768708,0.5336054421768708,376.6666666666667,0.6666666666666666,0.9479655177953648,0.8248653680653512,0.3333333333333333,0.0034285714285714284
10,50,4,5.0,1.0,0.9,0.05,1000,500,0.33141094446182257,0.049875,0.8859783822047973,0.4369811320754717,0.5759636285592473,28.433962264150942,500.0,0.5043537414965987,0.5043537414965987,266.6666666666667,0.5,0.9520069823187374,0.8463842549137611,0.3333333333333333,0.002
11,50,4,5.0,1.0,0.9,0.05,1000,500,0.33141094446182257,0.049875,0.877490955146159,0.4211320754716981,0.5584125344965774,29.245283018867923,500.0,0.46707482993197275,0.46707482993197275,303.3333333333333,0.5,0.94369876678442,0.7963330473566185,0.6666666666666666,0.008
12,50,4,5.0,1.0,0.9,0.05,1000,500,0.33141094446182257,0.049875,0.9179001747946718,0.39735849056603767,0.5447745090542963,30.471698113207548,500.0,0.4673469387755102,0.4673469387755102,478.3333333333333,0.6666666666666666,0.9466582534162171,0.8148840516466871,0.6666666666666666,0.0034285714285714284
13,50,4,5.0,1.0,0.9,0.05,1000,500,0.33141094446182257,0.049875,0.9111561286252243,0.4618867924528302,0.5989792769280605,26.9811320754717,500.0,0.5477551020408163,0.5477551020408163,250.0,0.5,0.9502884640030671,0.8426041323893881,0.6666666666666666,0.006
14,50,4,5.0,1.0,0.9,0.05,1000,500,0.33141094446182257,0.049875,0.8999659912021378,0.4260377358490567,0.5645323446681483,29.0,500.0,0.48122448979591836,0.48122448979591836,325.0,0.5,0.9524952871265439,0.8368372990603213,0.3333333333333333,0.00028571428571428574
15,50,4,5.0,1.0,0.9,0.05,1000,500,0.33141094446182257,0.049875,0.8744261294261294,0.43094339622641503,0.5694907553239132,28.754716981132077,500.0,0.5001360544217687,0.5001360544217687,303.3333333333333,0.5,0.9448500734817573,0.8238621317659626,0.6666666666666666,0.003142857142857143
16,50,4,5.0,1.0,0.9,0.05,1000,500,0.33141094446182257,0.049875,0.8955974842767296,0.4388679245283019,0.5725389680172273,28.11320754716981,500.0,0.499047619047619,0.499047619047619,250.0,0.5,0.9494560232220609,0.8302428632429216,0.6666666666666666,0.0037142857142857142
17,50,4,5.0,1.0,0.9,0.05,1000,500,0.33141094446182257,0.049875,0.9093835093236944,0.45320754716981126,0.5931431949164248,27.660377358490567,500.0,0.57578231292517,0.57578231292517,401.6666666666667,0.6666666666666666,0.9562878261266442,0.8493259348325887,0.3333333333333333,0.0
18,50,4,5.0,1.0,0.9,0.05,1000,500,0.33141094446182257,0.049875,0.8647056703209288,0.42981132075471706,0.5579529859841952,28.81132075471698,500.0,0.47142857142857136,0.47142857142857136,305.0,0.5,0.948771133444697,0.8284197369265305,0.3333333333333333,0.005714285714285714
19,50,4,5.0,1.0,0.9,0.05,1000,500,0.33141094446182257,0.049875,0.87918615800303,0.4226415094339622,0.553515374440208,29.132075471698112,500.0,0.494421768707483,0.494421768707483,333.3333333333333,0.6666666666666666,0.9438825317888472,0.7919347100031016,0.6666666666666666,0.004
0,50,4,5.0,1.0,0.97,0.1,1000,500,0.33141094446182257,0.049875,0.9014171713789476,0.4569811320754716,0.5930232149822803,27.41509433962264,500.0,0.5296598639455782,0.5296598639455782,378.3333333333333,0.5,0.9474984597128279,0.8362739003177434,0.6666666666666666,0.002
1,50,4,5.0,1.0,0.97,0.1,1000,500,0.33141094446182257,0.049875,0.8699315323756027,0.4452830188679246,0.5808700043554388,28.339622641509433,500.0,0.5361904761904762,0.5361904761904762,250.0,0.5,0.9535078511378262,0.8286030293070351,0.6666666666666666,0.002285714285714286
2,50,4,5.0,1.0,0.97,0.1,1000,500,0.33141094446182257,0.049875,0.9276729559748427,0.4030188679245283,0.5448439922609437,29.88679245283019,500.0,0.4760544217687075,0.4760544217687075,250.0,0.5,0.9494774952305319,0.8232506995963956,0.6666666666666666,0.002857142857142857
3,50,4,5.0,1.0,0.97,0.1,1000,500,0.33141094446182257,0.049875,0.8910201608314815,0.5060377358490566,0.6305305978165943,24.90566037735849,500.0,0.567891156462585,0.567891156462585,291.6666666666667,0.5,0.9496783317359039,0.8464931229562713,0.3333333333333333,0.0054285714285714284
4,50,4,5.0,1.0,0.97,0.1,1000,500,0.33141094446182257,0.049875,0.9011616204734961,0.5124528301886793,0.6420821072609362,24.71698113207547,500.0,0.5906122448979592,0.5906122448979592,346.6666666666667,0.5,0.9573626219751531,0.8531341507784357,0.6666666666666666,0.009142857142857144
5,50,4,5.0,1.0,0.97,0.1,1000,500,0.33141094446182257,0.049875,0.8865406605972644,0.42792452830188676,0.5723136285968338,28.90566037735849,500.0,0.4959183673469387,0.4959183673469387,250.0,0.5,0.9485569829577092,0.8326788674970728,0.0,0.0037142857142857142
6,50,4,5.0,1.0,0.97,0.1,1000,500,0.33141094446182257,0.049875,0.8611736185032556,0.3720754716981131,0.5100841542064648,31.830188679245282,500.0,0.4446258503401361,0.4446258503401361,406.6666666666667,0.6666666666666666,0.9481859108543053,0.8231839148000712,0.3333333333333333,0.003142857142857143
7,50,4,5.0,1.0,0.97,0.1,1000,500,0.33141094446182257,0.049875,0.8840670859538784,0.4283018867924529,0.5710220236664739,28.77358490566038,500.0,0.48353741496598635,0.48353741496598635,250.0,0.5,0.9552171828646019,0.847716555011715,0.3333333333333333,0.004
8,50,4,5.0,1.0,0.97,0.1,1000,500,0.33141094446182257,0.049875,0.8934573657936588,0.46566037735849064,0.5970261415761098,27.0188679245283,500.0,0.543265306122449,0.543265306122449,333.3333333333333,0.6666666666666666,0.9471968066014915,0.8219324541512864,1.0,0.004857142857142857
9,50,4,5.0,1.0,0.97,0.1,1000,500,0.33141094446182257,0.049875,0.8885776788155787,0.44679245283018876,0.5809410884840784,27.943396226415093,500.0,0.5314285714285715,0.5314285714285715,358.3333333333333,0.6666666666666666,0.9487365333041232,0.8260669624136351,0.3333333333333333,0.0034285714285714284
10,50,4,5.0,1.0,0.97,0.1,1000,500,0.33141094446182257,0.049875,0.886836015137902,0.4362264150943396,0.5753248768603137,28.452830188679247,500.0,0.5051700680272109,0.5051700680272109,250.0,0.5,0.9521391341019251,0.8488141210097313,0.3333333333333333,0.002
11,50,4,5.0,1.0,0.97,0.1,1000,500,0.33141094446182257,0.049875,0.8772883807880765,0.410188679245283,0.5480039462686888,29.79245283018868,500.0,0.4541496598639456,0.4541496598639456,308.3333333333333,0.5,0.9444616885286305,0.7984063994229911,0.6666666666666666,0.008
12,50,4,5.0,1.0,0.97,0.1,1000,500,0.33141094446182257,0.049875,0.9168008447168121,0.3890566037735848,0.5370670582669992,30.90566037735849,500.0,0.4552380952380952,0.4552380952380952,496.6666666666667,0.8333333333333334,0.9475720404195306,0.8163437546714168,0.6666666666666666,0.0034285714285714284
13,50,4,5.0,1.0,0.97,0.1,1000,500,0.33141094446182257,0.049875,0.9118067467124071,0.4539622641509433,0.5921980454108344,27.358490566037737,500.0,0.5424489795918367,0.5424489795918367,250.0,0.5,0.9508389374811732,0.845053177854336,0.6666666666666666,0.006
14,50,4,5.0,1.0,0.97,0.1,1000,500,0.33141094446182257,0.049875,0.8999659912021378,0.42490566037735855,0.5636275829226053,29.056603773584907,500.0,0.4819047619047619,0.4819047619047619,325.0,0.5,0.9526287606685471,0.8375502688664413,0.3333333333333333,0.00028571428571428574
15,50,4,5.0,1.0,0.97,0.1,1000,500,0.33141094446182257,0.049875,0.8752122929481421,0.4256603773584905,0.5651485462098569,29.0,500.0,0.5004081632653061,0.5004081632653061,293.3333333333333,0.5,0.9457039629031228,0.8254940601649273,0.6666666666666666,0.003142857142857143
16,50,4,5.0,1.0,0.97,0.1,1000,500,0.33141094446182257,0.049875,0.8962264150943396,0.4347169811320755,0.5690169820189724,28.30188679245283,500.0,0.49659863945578236,0.49659863945578236,250.0,0.5,0.9495597360133636,0.8329260812599668,0.6666666666666666,0.0037142857142857142
17,50,4,5.0,1.0,0.97,0.1,1000,500,0.33141094446182257,0.049875,0.9093835093236944,0.45320754716981126,0.5931431949164248,27.660377358490567,500.0,0.5756462585034013,0.5756462585034013,401.6666666666667,0.6666666666666666,0.9563174419220272,0.8494181610856778,0.3333333333333333,0.0
18,50,4,5.0,1.0,0.97,0.1,1000,500,0.33141094446182257,0.049875,0.8654603873020608,0.4305660377358491,0.5588364607328826,28.754716981132077,500.0,0.4714285714285715,0.4714285714285715,288.3333333333333,0.5,0.9494206650783653,0.8311341476198812,0.3333333333333333,0.005714285714285714
19,50,4,5.0,1.0,0.97,0.1,1000,500,0.33141094446182257,0.049875,0.8817696102665513,0.4132075471698113,0.5456513641777788,29.528301886792452,500.0,0.4887074829931972,0.4887074829931972,333.3333333333333,0.6666666666666666,0.9447432939909266,0.7959236031385962,0.6666666666666666,0.004
