parameter,value,precision_mean,precision_std,recall_mean,recall_std,f1_mean,f1_std,shd_mean,shd_std,adaptation_delay_mean,adaptation_delay_std,stable_edge_preservation_mean,stable_edge_preservation_std,change_detection_rate_mean,change_detection_rate_std,false_alarm_rate_mean,false_alarm_rate_std
detection_window,50.0,0.7970701980546113,,0.9518867924528303,,0.8571211807060862,,1.5849056603773586,,230.0,,0.9700000000000001,,1.0,,0.09714285714285714,
detection_window,100.0,0.7845487572312837,,0.9471698113207547,,0.8447038286660926,,1.9433962264150944,,230.0,,0.9700000000000001,,1.0,,0.09428571428571429,
detection_window,200.0,0.753439587483886,,0.9471698113207547,,0.8182352867258527,,2.660377358490566,,230.0,,0.9700000000000001,,1.0,,0.08857142857142856,
deviation_scale,0.025,0.7169611561531165,,0.9386792452830188,,0.7984005512307396,,2.4716981132075473,,336.6666666666667,,0.9550000000000001,,1.0,,0.09428571428571429,
deviation_scale,0.05,0.7845487572312837,,0.9471698113207547,,0.8447038286660926,,1.9433962264150944,,230.0,,0.9700000000000001,,1.0,,0.09428571428571429,
deviation_scale,0.1,0.8230262900894566,,0.9632075471698113,,0.8750647675175978,,1.6415094339622642,,106.66666666666667,,0.995,,1.0,,0.09428571428571429,
persistence_decay,0.7,0.7352001498638085,,0.9339622641509434,,0.8088907947398511,,2.3207547169811322,,350.0,,0.96,,1.0,,0.09428571428571429,
persistence_decay,0.9,0.7845487572312837,,0.9471698113207547,,0.8447038286660926,,1.9433962264150944,,230.0,,0.9700000000000001,,1.0,,0.09428571428571429,
persistence_decay,0.97,0.7884126333059883,,0.9509433962264152,,0.8495461561499297,,1.9056603773584906,,226.66666666666666,,0.9733333333333333,,1.0,,0.09428571428571429,
regression_window,50.0,0.5680544548879249,,0.9037735849056604,,0.680760939639963,,4.09433962264151,,373.3333333333333,,0.9233333333333333,,1.0,,0.09428571428571429,
regression_window,100.0,0.7845487572312837,,0.9471698113207547,,0.8447038286660926,,1.9433962264150944,,230.0,,0.9700000000000001,,1.0,,0.09428571428571429,
regression_window,200.0,0.8870644805017242,,0.9641509433962264,,0.9133878699916437,,1.2264150943396226,,166.66666666666666,,1.0,,1.0,,0.09428571428571429,
threshold,0.2,0.766938694338202,,0.9471698113207547,,0.8349839887575735,,2.0377358490566038,,233.33333333333334,,0.9700000000000001,,1.0,,0.08428571428571428,
threshold,0.25,0.7694193783611338,,0.9471698113207547,,0.8311933000612244,,2.339622641509434,,116.66666666666667,,0.9783333333333334,,1.0,,0.046857142857142854,
threshold,0.3,0.793054741721682,,0.9632075471698113,,0.8416574620348205,,2.7358490566037736,,183.33333333333334,,1.0,,1.0,,0.013714285714285714,
