parameter,value,precision_mean,precision_std,recall_mean,recall_std,f1_mean,f1_std,shd_mean,shd_std,adaptation_delay_mean,adaptation_delay_std,stable_edge_preservation_mean,stable_edge_preservation_std,change_detection_rate_mean,change_detection_rate_std
detection_window,50.0,0.7176669646778343,0.05855351162761037,0.945,0.0050000000000000044,0.7849543296209963,0.034665434382469676,3.72,0.26153393661244023,,,,,,
detection_window,100.0,0.664828903616089,0.04825478336441031,0.94,0.008660254037844338,0.7355448418773362,0.025340549662411116,5.246666666666667,0.299555225848813,,,,,,
detection_window,200.0,0.5288958760537709,0.03519540182088362,0.9066666666666667,0.025166114784235867,0.6068994142733274,0.020931145233058456,8.793333333333335,0.4900340124249872,,,,,,
deviation_scale,0.025,0.6296747984619838,0.03500896887915235,0.9383333333333334,0.012583057392117866,0.7135709500313081,0.01781127020703874,5.446666666666666,0.20231987873991328,,,,,,
deviation_scale,0.05,0.664828903616089,0.04825478336441031,0.94,0.008660254037844338,0.7355448418773362,0.025340549662411116,5.246666666666667,0.299555225848813,,,,,,
deviation_scale,0.1,0.6919813819987463,0.048994446822574034,0.94,0.008660254037844338,0.7505001822484662,0.02601890851387081,5.153333333333333,0.3590728802532061,,,,,,
persistence_decay,0.7,0.6450056526782869,0.04985119130461501,0.9416666666666668,0.010408329997330643,0.7249408369408369,0.026124405241921334,5.293333333333333,0.2119748412744619,,,,,,
persistence_decay,0.9,0.664828903616089,0.04825478336441031,0.94,0.008660254037844338,0.7355448418773362,0.025340549662411116,5.246666666666667,0.299555225848813,,,,,,
persistence_decay,0.97,0.6472754341387064,0.026610009409351466,0.9333333333333332,0.0057735026918961825,0.7156949844573033,0.020450450006315516,5.8933333333333335,0.6658328118479395,,,,,,
regression_window,50.0,0.4709393245960751,0.016782887942050097,0.8833333333333333,0.02020725942163696,0.5843016159674436,0.014351513034379757,7.026666666666666,0.38798625405203885,,,,,,
regression_window,100.0,0.664828903616089,0.04825478336441031,0.94,0.008660254037844338,0.7355448418773362,0.025340549662411116,5.246666666666667,0.299555225848813,,,,,,
regression_window,200.0,0.7553766455198679,0.020837387939594,0.9500000000000001,0.01999999999999999,0.7938536722536722,0.011346334147301533,4.66,0.38626415831655925,,,,,,
threshold,0.04,0.664828903616089,0.04825478336441031,0.94,0.008660254037844338,0.7355448418773362,0.025340549662411116,5.246666666666667,0.299555225848813,,,,,,
threshold,0.08,0.664828903616089,0.04825478336441031,0.94,0.008660254037844338,0.7355448418773362,0.025340549662411116,5.246666666666667,0.299555225848813,,,,,,
threshold,0.16,0.664828903616089,0.04825478336441031,0.94,0.008660254037844338,0.7355448418773362,0.025340549662411116,5.246666666666667,0.299555225848813,,,,,,
