parameter,value,seed,n_points,edge_threshold,precision,recall,f1,shd,adaptation_delay,stable_edge_preservation,change_detection_rate
detection_window,50.0,0,1000,0.15,0.7583778938452852,0.945,0.8143729603729605,3.42,,,
detection_window,50.0,1,1000,0.15,0.7440606060606061,0.95,0.7937524697524698,3.9,,,
detection_window,50.0,2,1000,0.15,0.6505623941276114,0.94,0.7467375587375586,3.84,,,
detection_window,100.0,0,1000,0.15,0.6983960097873141,0.93,0.7590162352267614,5.0,,,
detection_window,100.0,1,1000,0.15,0.6865610766045549,0.945,0.7389406926406927,5.58,,,
detection_window,100.0,2,1000,0.15,0.609529624456398,0.945,0.7086775977645543,5.16,,,
detection_window,200.0,0,1000,0.15,0.55175983436853,0.91,0.6268502164502165,8.8,,,
detection_window,200.0,1,1000,0.15,0.5465610766045549,0.93,0.6087387057387058,9.28,,,
detection_window,200.0,2,1000,0.15,0.48836671718822755,0.88,0.5851093206310598,8.3,,,
regression_window,50.0,0,1000,0.15,0.4527877846790891,0.86,0.5678174340279604,7.28,,,
regression_window,50.0,1,1000,0.15,0.48589357451600007,0.895,0.5910707046576611,7.22,,,
regression_window,50.0,2,1000,0.15,0.4741366145931363,0.895,0.5940167092167092,6.58,,,
regression_window,100.0,0,1000,0.15,0.6983960097873141,0.93,0.7590162352267614,5.0,,,
regression_window,100.0,1,1000,0.15,0.6865610766045549,0.945,0.7389406926406927,5.58,,,
regression_window,100.0,2,1000,0.15,0.609529624456398,0.945,0.7086775977645543,5.16,,,
regression_window,200.0,0,1000,0.15,0.778911415949779,0.93,0.8055677655677655,4.58,,,
regression_window,200.0,1,1000,0.15,0.7392753623188406,0.97,0.7829148629148629,5.08,,,
regression_window,200.0,2,1000,0.15,0.7479431582909843,0.95,0.7930783882783882,4.32,,,
threshold,0.04,0,1000,0.15,0.6983960097873141,0.93,0.7590162352267614,5.0,,,
threshold,0.04,1,1000,0.15,0.6865610766045549,0.945,0.7389406926406927,5.58,,,
threshold,0.04,2,1000,0.15,0.609529624456398,0.945,0.7086775977645543,5.16,,,
threshold,0.08,0,1000,0.15,0.6983960097873141,0.93,0.7590162352267614,5.0,,,
threshold,0.08,1,1000,0.15,0.6865610766045549,0.945,0.7389406926406927,5.58,,,
threshold,0.08,2,1000,0.15,0.609529624456398,0.945,0.7086775977645543,5.16,,,
threshold,0.16,0,1000,0.15,0.6983960097873141,0.93,0.7590162352267614,5.0,,,
threshold,0.16,1,1000,0.15,0.6865610766045549,0.945,0.7389406926406927,5.58,,,
threshold,0.16,2,1000,0.15,0.609529624456398,0.945,0.7086775977645543,5.16,,,
persistence_decay,0.7,0,1000,0.15,0.6756341050254093,0.93,0.7456052836052837,5.1,,,
persistence_decay,0.7,1,1000,0.15,0.6719000121787845,0.95,0.7336406926406925,5.52,,,
persistence_decay,0.7,2,1000,0.15,0.5874828408306669,0.945,0.6955765345765345,5.26,,,
persistence_decay,0.9,0,1000,0.15,0.6983960097873141,0.93,0.7590162352267614,5.0,,,
persistence_decay,0.9,1,1000,0.15,0.6865610766045549,0.945,0.7389406926406927,5.58,,,
persistence_decay,0.9,2,1000,0.15,0.609529624456398,0.945,0.7086775977645543,5.16,,,
persistence_decay,0.97,0,1000,0.15,0.6755334713595582,0.93,0.738956228956229,5.56,,,
persistence_decay,0.97,1,1000,0.15,0.6435965399334964,0.94,0.7005420357420357,6.66,,,
persistence_decay,0.97,2,1000,0.15,0.6226962911230646,0.93,0.707586688673645,5.46,,,
deviation_scale,0.025,0,1000,0.15,0.6448355702268745,0.925,0.724087755381873,5.34,,,
deviation_scale,0.025,1,1000,0.15,0.654548089591568,0.95,0.7236190476190477,5.68,,,
deviation_scale,0.025,2,1000,0.15,0.5896407355675091,0.94,0.6930060470930036,5.32,,,
deviation_scale,0.05,0,1000,0.15,0.6983960097873141,0.93,0.7590162352267614,5.0,,,
deviation_scale,0.05,1,1000,0.15,0.6865610766045549,0.945,0.7389406926406927,5.58,,,
deviation_scale,0.05,2,1000,0.15,0.609529624456398,0.945,0.7086775977645543,5.16,,,
deviation_scale,0.1,0,1000,0.15,0.7314595055413469,0.93,0.7773968253968255,4.88,,,
deviation_scale,0.1,1,1000,0.15,0.7073359683794466,0.945,0.7486454598033546,5.56,,,
deviation_scale,0.1,2,1000,0.15,0.6371486720754456,0.945,0.7254582615452181,5.02,,,
