seed,n_points,n_variables,max_lag,noise_scale,false_alarm_rate,n_detected,threshold,detection_window,regression_window
100,2000,4,2,0.1,0.0145,29,0.3,100,200
101,2000,4,2,0.1,0.0105,21,0.3,100,200
102,2000,4,2,0.1,0.024,48,0.3,100,200
103,2000,4,2,0.1,0.0125,25,0.3,100,200
104,2000,4,2,0.1,0.0115,23,0.3,100,200
105,2000,4,2,0.1,0.018,36,0.3,100,200
106,2000,4,2,0.1,0.013,26,0.3,100,200
107,2000,4,2,0.1,0.007,14,0.3,100,200
108,2000,4,2,0.1,0.0095,19,0.3,100,200
109,2000,4,2,0.1,0.015,30,0.3,100,200
110,2000,4,2,0.1,0.0155,31,0.3,100,200
111,2000,4,2,0.1,0.0095,19,0.3,100,200
112,2000,4,2,0.1,0.0215,43,0.3,100,200
113,2000,4,2,0.1,0.011,22,0.3,100,200
114,2000,4,2,0.1,0.0095,19,0.3,100,200
115,2000,4,2,0.1,0.014,28,0.3,100,200
116,2000,4,2,0.1,0.0215,43,0.3,100,200
117,2000,4,2,0.1,0.013,26,0.3,100,200
118,2000,4,2,0.1,0.0135,27,0.3,100,200
119,2000,4,2,0.1,0.021,42,0.3,100,200
MEAN,2000,4,2,0.1,0.014275000000000001,,0.3,100,200
STD,2000,4,2,0.1,0.004708544864057483,,0.3,100,200
